clause_id,contract_type,clause_text,tokenized_text,confidence_score,annotator,L1_UNFAIR_PENALTY,L2_UNILATERAL_MODIFICATION,L3_AMBIGUOUS_LIABILITY,L4_MISSING_JURISDICTION,L5_PERSONAL_DATA_VIOLATION,L6_EXCESSIVE_TERMINATION,L7_HIDDEN_FEE,L8_FORCE_MAJEURE_GAP
CLAUSE_0001,SALES,"Trong trường hợp Bên B vi phạm thời hạn giao hàng quá 1 ngày, Bên B phải chịu phạt vi phạm bằng 20% tổng giá trị hợp đồng và bồi thường 50% giá trị lô hàng.","Trong trường_hợp Bên B vi_phạm thời_hạn giao hàng quá 1 ngày , Bên B phải chịu phạt vi_phạm bằng 20 % tổng giá_trị hợp_đồng và bồi_thường 50 % giá_trị lô hàng .",1.0,SYNTHETIC_GENERATOR,1,0,0,0,0,0,0,0
CLAUSE_0002,SALES,"Trong trường hợp Bên B vi phạm thời hạn giao hàng quá 1 ngày, Bên B phải chịu phạt vi phạm bằng 20% tổng giá trị hợp đồng và bồi thường 100% giá trị lô hàng.","Trong trường_hợp Bên B vi_phạm thời_hạn giao hàng quá 1 ngày , Bên B phải chịu phạt vi_phạm bằng 20 % tổng giá_trị hợp_đồng và bồi_thường 100 % giá_trị lô hàng .",1.0,SYNTHETIC_GENERATOR,1,0,0,0,0,0,0,0
CLAUSE_0003,SALES,"Trong trường hợp Bên B vi phạm thời hạn giao hàng quá 1 ngày, Bên B phải chịu phạt vi phạm bằng 20% tổng giá trị hợp đồng và bồi thường 150% giá trị lô hàng.","Trong trường_hợp Bên B vi_phạm thời_hạn giao hàng quá 1 ngày , Bên B phải chịu phạt vi_phạm bằng 20 % tổng giá_trị hợp_đồng và bồi_thường 150 % giá_trị lô hàng .",1.0,SYNTHETIC_GENERATOR,1,0,0,0,0,0,0,0
CLAUSE_0004,SALES,"Trong trường hợp Bên B vi phạm thời hạn giao hàng quá 1 ngày, Bên B phải chịu phạt vi phạm bằng 25% tổng giá trị hợp đồng và bồi thường 50% giá trị lô hàng.","Trong trường_hợp Bên B vi_phạm thời_hạn giao hàng quá 1 ngày , Bên B phải chịu phạt vi_phạm bằng 25 % tổng giá_trị hợp_đồng và bồi_thường 50 % giá_trị lô hàng .",1.0,SYNTHETIC_GENERATOR,1,0,0,0,0,0,0,0
CLAUSE_0005,SALES,"Trong trường hợp Bên B vi phạm thời hạn giao hàng quá 1 ngày, Bên B phải chịu phạt vi phạm bằng 25% tổng giá trị hợp đồng và bồi thường 100% giá trị lô hàng.","Trong trường_hợp Bên B vi_phạm thời_hạn giao hàng quá 1 ngày , Bên B phải chịu phạt vi_phạm bằng 25 % tổng giá_trị hợp_đồng và bồi_thường 100 % giá_trị lô hàng .",1.0,SYNTHETIC_GENERATOR,1,0,0,0,0,0,0,0
CLAUSE_0006,SALES,"Trong trường hợp Bên B vi phạm thời hạn giao hàng quá 1 ngày, Bên B phải chịu phạt vi phạm bằng 25% tổng giá trị hợp đồng và bồi thường 150% giá trị lô hàng.","Trong trường_hợp Bên B vi_phạm thời_hạn giao hàng quá 1 ngày , Bên B phải chịu phạt vi_phạm bằng 25 % tổng giá_trị hợp_đồng và bồi_thường 150 % giá_trị lô hàng .",1.0,SYNTHETIC_GENERATOR,1,0,0,0,0,0,0,0
CLAUSE_0007,SALES,"Trong trường hợp Bên B vi phạm thời hạn giao hàng quá 1 ngày, Bên B phải chịu phạt vi phạm bằng 30% tổng giá trị hợp đồng và bồi thường 50% giá trị lô hàng.","Trong trường_hợp Bên B vi_phạm thời_hạn giao hàng quá 1 ngày , Bên B phải chịu phạt vi_phạm bằng 30 % tổng giá_trị hợp_đồng và bồi_thường 50 % giá_trị lô hàng .",1.0,SYNTHETIC_GENERATOR,1,0,0,0,0,0,0,0
CLAUSE_0008,SALES,"Trong trường hợp Bên B vi phạm thời hạn giao hàng quá 1 ngày, Bên B phải chịu phạt vi phạm bằng 30% tổng giá trị hợp đồng và bồi thường 100% giá trị lô hàng.","Trong trường_hợp Bên B vi_phạm thời_hạn giao hàng quá 1 ngày , Bên B phải chịu phạt vi_phạm bằng 30 % tổng giá_trị hợp_đồng và bồi_thường 100 % giá_trị lô hàng .",1.0,SYNTHETIC_GENERATOR,1,0,0,0,0,0,0,0
CLAUSE_0009,SALES,"Trong trường hợp Bên B vi phạm thời hạn giao hàng quá 1 ngày, Bên B phải chịu phạt vi phạm bằng 30% tổng giá trị hợp đồng và bồi thường 150% giá trị lô hàng.","Trong trường_hợp Bên B vi_phạm thời_hạn giao hàng quá 1 ngày , Bên B phải chịu phạt vi_phạm bằng 30 % tổng giá_trị hợp_đồng và bồi_thường 150 % giá_trị lô hàng .",1.0,SYNTHETIC_GENERATOR,1,0,0,0,0,0,0,0
CLAUSE_0010,SALES,"Trong trường hợp Bên B vi phạm thời hạn giao hàng quá 1 ngày, Bên B phải chịu phạt vi phạm bằng 40% tổng giá trị hợp đồng và bồi thường 50% giá trị lô hàng.","Trong trường_hợp Bên B vi_phạm thời_hạn giao hàng quá 1 ngày , Bên B phải chịu phạt vi_phạm bằng 40 % tổng giá_trị hợp_đồng và bồi_thường 50 % giá_trị lô hàng .",1.0,SYNTHETIC_GENERATOR,1,0,0,0,0,0,0,0
CLAUSE_0011,SALES,"Trong trường hợp Bên B vi phạm thời hạn giao hàng quá 1 ngày, Bên B phải chịu phạt vi phạm bằng 40% tổng giá trị hợp đồng và bồi thường 100% giá trị lô hàng.","Trong trường_hợp Bên B vi_phạm thời_hạn giao hàng quá 1 ngày , Bên B phải chịu phạt vi_phạm bằng 40 % tổng giá_trị hợp_đồng và bồi_thường 100 % giá_trị lô hàng .",1.0,SYNTHETIC_GENERATOR,1,0,0,0,0,0,0,0
CLAUSE_0012,SALES,"Trong trường hợp Bên B vi phạm thời hạn giao hàng quá 1 ngày, Bên B phải chịu phạt vi phạm bằng 40% tổng giá trị hợp đồng và bồi thường 150% giá trị lô hàng.","Trong trường_hợp Bên B vi_phạm thời_hạn giao hàng quá 1 ngày , Bên B phải chịu phạt vi_phạm bằng 40 % tổng giá_trị hợp_đồng và bồi_thường 150 % giá_trị lô hàng .",1.0,SYNTHETIC_GENERATOR,1,0,0,0,0,0,0,0
CLAUSE_0013,SALES,"Trong trường hợp Bên B vi phạm thời hạn giao hàng quá 1 ngày, Bên B phải chịu phạt vi phạm bằng 50% tổng giá trị hợp đồng và bồi thường 50% giá trị lô hàng.","Trong trường_hợp Bên B vi_phạm thời_hạn giao hàng quá 1 ngày , Bên B phải chịu phạt vi_phạm bằng 50 % tổng giá_trị hợp_đồng và bồi_thường 50 % giá_trị lô hàng .",1.0,SYNTHETIC_GENERATOR,1,0,0,0,0,0,0,0
CLAUSE_0014,SALES,"Trong trường hợp Bên B vi phạm thời hạn giao hàng quá 1 ngày, Bên B phải chịu phạt vi phạm bằng 50% tổng giá trị hợp đồng và bồi thường 100% giá trị lô hàng.","Trong trường_hợp Bên B vi_phạm thời_hạn giao hàng quá 1 ngày , Bên B phải chịu phạt vi_phạm bằng 50 % tổng giá_trị hợp_đồng và bồi_thường 100 % giá_trị lô hàng .",1.0,SYNTHETIC_GENERATOR,1,0,0,0,0,0,0,0
CLAUSE_0015,SALES,"Trong trường hợp Bên B vi phạm thời hạn giao hàng quá 1 ngày, Bên B phải chịu phạt vi phạm bằng 50% tổng giá trị hợp đồng và bồi thường 150% giá trị lô hàng.","Trong trường_hợp Bên B vi_phạm thời_hạn giao hàng quá 1 ngày , Bên B phải chịu phạt vi_phạm bằng 50 % tổng giá_trị hợp_đồng và bồi_thường 150 % giá_trị lô hàng .",1.0,SYNTHETIC_GENERATOR,1,0,0,0,0,0,0,0
CLAUSE_0016,SALES,"Trong trường hợp Bên B vi phạm thời hạn giao hàng quá 2 ngày, Bên B phải chịu phạt vi phạm bằng 20% tổng giá trị hợp đồng và bồi thường 50% giá trị lô hàng.","Trong trường_hợp Bên B vi_phạm thời_hạn giao hàng quá 2 ngày , Bên B phải chịu phạt vi_phạm bằng 20 % tổng giá_trị hợp_đồng và bồi_thường 50 % giá_trị lô hàng .",1.0,SYNTHETIC_GENERATOR,1,0,0,0,0,0,0,0
CLAUSE_0017,SALES,"Trong trường hợp Bên B vi phạm thời hạn giao hàng quá 2 ngày, Bên B phải chịu phạt vi phạm bằng 20% tổng giá trị hợp đồng và bồi thường 100% giá trị lô hàng.","Trong trường_hợp Bên B vi_phạm thời_hạn giao hàng quá 2 ngày , Bên B phải chịu phạt vi_phạm bằng 20 % tổng giá_trị hợp_đồng và bồi_thường 100 % giá_trị lô hàng .",1.0,SYNTHETIC_GENERATOR,1,0,0,0,0,0,0,0
CLAUSE_0018,SALES,"Trong trường hợp Bên B vi phạm thời hạn giao hàng quá 2 ngày, Bên B phải chịu phạt vi phạm bằng 20% tổng giá trị hợp đồng và bồi thường 150% giá trị lô hàng.","Trong trường_hợp Bên B vi_phạm thời_hạn giao hàng quá 2 ngày , Bên B phải chịu phạt vi_phạm bằng 20 % tổng giá_trị hợp_đồng và bồi_thường 150 % giá_trị lô hàng .",1.0,SYNTHETIC_GENERATOR,1,0,0,0,0,0,0,0
CLAUSE_0019,SALES,"Trong trường hợp Bên B vi phạm thời hạn giao hàng quá 2 ngày, Bên B phải chịu phạt vi phạm bằng 25% tổng giá trị hợp đồng và bồi thường 50% giá trị lô hàng.","Trong trường_hợp Bên B vi_phạm thời_hạn giao hàng quá 2 ngày , Bên B phải chịu phạt vi_phạm bằng 25 % tổng giá_trị hợp_đồng và bồi_thường 50 % giá_trị lô hàng .",1.0,SYNTHETIC_GENERATOR,1,0,0,0,0,0,0,0
CLAUSE_0020,SALES,"Trong trường hợp Bên B vi phạm thời hạn giao hàng quá 2 ngày, Bên B phải chịu phạt vi phạm bằng 25% tổng giá trị hợp đồng và bồi thường 100% giá trị lô hàng.","Trong trường_hợp Bên B vi_phạm thời_hạn giao hàng quá 2 ngày , Bên B phải chịu phạt vi_phạm bằng 25 % tổng giá_trị hợp_đồng và bồi_thường 100 % giá_trị lô hàng .",1.0,SYNTHETIC_GENERATOR,1,0,0,0,0,0,0,0
CLAUSE_0021,SALES,"Trong trường hợp Bên B vi phạm thời hạn giao hàng quá 2 ngày, Bên B phải chịu phạt vi phạm bằng 25% tổng giá trị hợp đồng và bồi thường 150% giá trị lô hàng.","Trong trường_hợp Bên B vi_phạm thời_hạn giao hàng quá 2 ngày , Bên B phải chịu phạt vi_phạm bằng 25 % tổng giá_trị hợp_đồng và bồi_thường 150 % giá_trị lô hàng .",1.0,SYNTHETIC_GENERATOR,1,0,0,0,0,0,0,0
CLAUSE_0022,SALES,"Trong trường hợp Bên B vi phạm thời hạn giao hàng quá 2 ngày, Bên B phải chịu phạt vi phạm bằng 30% tổng giá trị hợp đồng và bồi thường 50% giá trị lô hàng.","Trong trường_hợp Bên B vi_phạm thời_hạn giao hàng quá 2 ngày , Bên B phải chịu phạt vi_phạm bằng 30 % tổng giá_trị hợp_đồng và bồi_thường 50 % giá_trị lô hàng .",1.0,SYNTHETIC_GENERATOR,1,0,0,0,0,0,0,0
CLAUSE_0023,SALES,"Trong trường hợp Bên B vi phạm thời hạn giao hàng quá 2 ngày, Bên B phải chịu phạt vi phạm bằng 30% tổng giá trị hợp đồng và bồi thường 100% giá trị lô hàng.","Trong trường_hợp Bên B vi_phạm thời_hạn giao hàng quá 2 ngày , Bên B phải chịu phạt vi_phạm bằng 30 % tổng giá_trị hợp_đồng và bồi_thường 100 % giá_trị lô hàng .",1.0,SYNTHETIC_GENERATOR,1,0,0,0,0,0,0,0
CLAUSE_0024,SALES,"Trong trường hợp Bên B vi phạm thời hạn giao hàng quá 2 ngày, Bên B phải chịu phạt vi phạm bằng 30% tổng giá trị hợp đồng và bồi thường 150% giá trị lô hàng.","Trong trường_hợp Bên B vi_phạm thời_hạn giao hàng quá 2 ngày , Bên B phải chịu phạt vi_phạm bằng 30 % tổng giá_trị hợp_đồng và bồi_thường 150 % giá_trị lô hàng .",1.0,SYNTHETIC_GENERATOR,1,0,0,0,0,0,0,0
CLAUSE_0025,SALES,"Trong trường hợp Bên B vi phạm thời hạn giao hàng quá 2 ngày, Bên B phải chịu phạt vi phạm bằng 40% tổng giá trị hợp đồng và bồi thường 50% giá trị lô hàng.","Trong trường_hợp Bên B vi_phạm thời_hạn giao hàng quá 2 ngày , Bên B phải chịu phạt vi_phạm bằng 40 % tổng giá_trị hợp_đồng và bồi_thường 50 % giá_trị lô hàng .",1.0,SYNTHETIC_GENERATOR,1,0,0,0,0,0,0,0
CLAUSE_0026,SALES,"Trong trường hợp Bên B vi phạm thời hạn giao hàng quá 2 ngày, Bên B phải chịu phạt vi phạm bằng 40% tổng giá trị hợp đồng và bồi thường 100% giá trị lô hàng.","Trong trường_hợp Bên B vi_phạm thời_hạn giao hàng quá 2 ngày , Bên B phải chịu phạt vi_phạm bằng 40 % tổng giá_trị hợp_đồng và bồi_thường 100 % giá_trị lô hàng .",1.0,SYNTHETIC_GENERATOR,1,0,0,0,0,0,0,0
CLAUSE_0027,SALES,"Trong trường hợp Bên B vi phạm thời hạn giao hàng quá 2 ngày, Bên B phải chịu phạt vi phạm bằng 40% tổng giá trị hợp đồng và bồi thường 150% giá trị lô hàng.","Trong trường_hợp Bên B vi_phạm thời_hạn giao hàng quá 2 ngày , Bên B phải chịu phạt vi_phạm bằng 40 % tổng giá_trị hợp_đồng và bồi_thường 150 % giá_trị lô hàng .",1.0,SYNTHETIC_GENERATOR,1,0,0,0,0,0,0,0
CLAUSE_0028,SALES,"Trong trường hợp Bên B vi phạm thời hạn giao hàng quá 2 ngày, Bên B phải chịu phạt vi phạm bằng 50% tổng giá trị hợp đồng và bồi thường 50% giá trị lô hàng.","Trong trường_hợp Bên B vi_phạm thời_hạn giao hàng quá 2 ngày , Bên B phải chịu phạt vi_phạm bằng 50 % tổng giá_trị hợp_đồng và bồi_thường 50 % giá_trị lô hàng .",1.0,SYNTHETIC_GENERATOR,1,0,0,0,0,0,0,0
CLAUSE_0029,SALES,"Trong trường hợp Bên B vi phạm thời hạn giao hàng quá 2 ngày, Bên B phải chịu phạt vi phạm bằng 50% tổng giá trị hợp đồng và bồi thường 100% giá trị lô hàng.","Trong trường_hợp Bên B vi_phạm thời_hạn giao hàng quá 2 ngày , Bên B phải chịu phạt vi_phạm bằng 50 % tổng giá_trị hợp_đồng và bồi_thường 100 % giá_trị lô hàng .",1.0,SYNTHETIC_GENERATOR,1,0,0,0,0,0,0,0
CLAUSE_0030,SALES,"Trong trường hợp Bên B vi phạm thời hạn giao hàng quá 2 ngày, Bên B phải chịu phạt vi phạm bằng 50% tổng giá trị hợp đồng và bồi thường 150% giá trị lô hàng.","Trong trường_hợp Bên B vi_phạm thời_hạn giao hàng quá 2 ngày , Bên B phải chịu phạt vi_phạm bằng 50 % tổng giá_trị hợp_đồng và bồi_thường 150 % giá_trị lô hàng .",1.0,SYNTHETIC_GENERATOR,1,0,0,0,0,0,0,0
CLAUSE_0031,SALES,"Trong trường hợp Bên B vi phạm thời hạn giao hàng quá 3 ngày, Bên B phải chịu phạt vi phạm bằng 20% tổng giá trị hợp đồng và bồi thường 50% giá trị lô hàng.","Trong trường_hợp Bên B vi_phạm thời_hạn giao hàng quá 3 ngày , Bên B phải chịu phạt vi_phạm bằng 20 % tổng giá_trị hợp_đồng và bồi_thường 50 % giá_trị lô hàng .",1.0,SYNTHETIC_GENERATOR,1,0,0,0,0,0,0,0
CLAUSE_0032,SALES,"Trong trường hợp Bên B vi phạm thời hạn giao hàng quá 3 ngày, Bên B phải chịu phạt vi phạm bằng 20% tổng giá trị hợp đồng và bồi thường 100% giá trị lô hàng.","Trong trường_hợp Bên B vi_phạm thời_hạn giao hàng quá 3 ngày , Bên B phải chịu phạt vi_phạm bằng 20 % tổng giá_trị hợp_đồng và bồi_thường 100 % giá_trị lô hàng .",1.0,SYNTHETIC_GENERATOR,1,0,0,0,0,0,0,0
CLAUSE_0033,SALES,"Trong trường hợp Bên B vi phạm thời hạn giao hàng quá 3 ngày, Bên B phải chịu phạt vi phạm bằng 20% tổng giá trị hợp đồng và bồi thường 150% giá trị lô hàng.","Trong trường_hợp Bên B vi_phạm thời_hạn giao hàng quá 3 ngày , Bên B phải chịu phạt vi_phạm bằng 20 % tổng giá_trị hợp_đồng và bồi_thường 150 % giá_trị lô hàng .",1.0,SYNTHETIC_GENERATOR,1,0,0,0,0,0,0,0
CLAUSE_0034,SALES,"Trong trường hợp Bên B vi phạm thời hạn giao hàng quá 3 ngày, Bên B phải chịu phạt vi phạm bằng 25% tổng giá trị hợp đồng và bồi thường 50% giá trị lô hàng.","Trong trường_hợp Bên B vi_phạm thời_hạn giao hàng quá 3 ngày , Bên B phải chịu phạt vi_phạm bằng 25 % tổng giá_trị hợp_đồng và bồi_thường 50 % giá_trị lô hàng .",1.0,SYNTHETIC_GENERATOR,1,0,0,0,0,0,0,0
CLAUSE_0035,SALES,"Trong trường hợp Bên B vi phạm thời hạn giao hàng quá 3 ngày, Bên B phải chịu phạt vi phạm bằng 25% tổng giá trị hợp đồng và bồi thường 100% giá trị lô hàng.","Trong trường_hợp Bên B vi_phạm thời_hạn giao hàng quá 3 ngày , Bên B phải chịu phạt vi_phạm bằng 25 % tổng giá_trị hợp_đồng và bồi_thường 100 % giá_trị lô hàng .",1.0,SYNTHETIC_GENERATOR,1,0,0,0,0,0,0,0
CLAUSE_0036,SALES,"Trong trường hợp Bên B vi phạm thời hạn giao hàng quá 3 ngày, Bên B phải chịu phạt vi phạm bằng 25% tổng giá trị hợp đồng và bồi thường 150% giá trị lô hàng.","Trong trường_hợp Bên B vi_phạm thời_hạn giao hàng quá 3 ngày , Bên B phải chịu phạt vi_phạm bằng 25 % tổng giá_trị hợp_đồng và bồi_thường 150 % giá_trị lô hàng .",1.0,SYNTHETIC_GENERATOR,1,0,0,0,0,0,0,0
CLAUSE_0037,SALES,"Trong trường hợp Bên B vi phạm thời hạn giao hàng quá 3 ngày, Bên B phải chịu phạt vi phạm bằng 30% tổng giá trị hợp đồng và bồi thường 50% giá trị lô hàng.","Trong trường_hợp Bên B vi_phạm thời_hạn giao hàng quá 3 ngày , Bên B phải chịu phạt vi_phạm bằng 30 % tổng giá_trị hợp_đồng và bồi_thường 50 % giá_trị lô hàng .",1.0,SYNTHETIC_GENERATOR,1,0,0,0,0,0,0,0
CLAUSE_0038,SALES,"Trong trường hợp Bên B vi phạm thời hạn giao hàng quá 3 ngày, Bên B phải chịu phạt vi phạm bằng 30% tổng giá trị hợp đồng và bồi thường 100% giá trị lô hàng.","Trong trường_hợp Bên B vi_phạm thời_hạn giao hàng quá 3 ngày , Bên B phải chịu phạt vi_phạm bằng 30 % tổng giá_trị hợp_đồng và bồi_thường 100 % giá_trị lô hàng .",1.0,SYNTHETIC_GENERATOR,1,0,0,0,0,0,0,0
CLAUSE_0039,SALES,"Trong trường hợp Bên B vi phạm thời hạn giao hàng quá 3 ngày, Bên B phải chịu phạt vi phạm bằng 30% tổng giá trị hợp đồng và bồi thường 150% giá trị lô hàng.","Trong trường_hợp Bên B vi_phạm thời_hạn giao hàng quá 3 ngày , Bên B phải chịu phạt vi_phạm bằng 30 % tổng giá_trị hợp_đồng và bồi_thường 150 % giá_trị lô hàng .",1.0,SYNTHETIC_GENERATOR,1,0,0,0,0,0,0,0
CLAUSE_0040,SALES,"Trong trường hợp Bên B vi phạm thời hạn giao hàng quá 3 ngày, Bên B phải chịu phạt vi phạm bằng 40% tổng giá trị hợp đồng và bồi thường 50% giá trị lô hàng.","Trong trường_hợp Bên B vi_phạm thời_hạn giao hàng quá 3 ngày , Bên B phải chịu phạt vi_phạm bằng 40 % tổng giá_trị hợp_đồng và bồi_thường 50 % giá_trị lô hàng .",1.0,SYNTHETIC_GENERATOR,1,0,0,0,0,0,0,0
CLAUSE_0041,SALES,"Trong trường hợp Bên B vi phạm thời hạn giao hàng quá 3 ngày, Bên B phải chịu phạt vi phạm bằng 40% tổng giá trị hợp đồng và bồi thường 100% giá trị lô hàng.","Trong trường_hợp Bên B vi_phạm thời_hạn giao hàng quá 3 ngày , Bên B phải chịu phạt vi_phạm bằng 40 % tổng giá_trị hợp_đồng và bồi_thường 100 % giá_trị lô hàng .",1.0,SYNTHETIC_GENERATOR,1,0,0,0,0,0,0,0
CLAUSE_0042,SALES,"Trong trường hợp Bên B vi phạm thời hạn giao hàng quá 3 ngày, Bên B phải chịu phạt vi phạm bằng 40% tổng giá trị hợp đồng và bồi thường 150% giá trị lô hàng.","Trong trường_hợp Bên B vi_phạm thời_hạn giao hàng quá 3 ngày , Bên B phải chịu phạt vi_phạm bằng 40 % tổng giá_trị hợp_đồng và bồi_thường 150 % giá_trị lô hàng .",1.0,SYNTHETIC_GENERATOR,1,0,0,0,0,0,0,0
CLAUSE_0043,SALES,"Trong trường hợp Bên B vi phạm thời hạn giao hàng quá 3 ngày, Bên B phải chịu phạt vi phạm bằng 50% tổng giá trị hợp đồng và bồi thường 50% giá trị lô hàng.","Trong trường_hợp Bên B vi_phạm thời_hạn giao hàng quá 3 ngày , Bên B phải chịu phạt vi_phạm bằng 50 % tổng giá_trị hợp_đồng và bồi_thường 50 % giá_trị lô hàng .",1.0,SYNTHETIC_GENERATOR,1,0,0,0,0,0,0,0
CLAUSE_0044,SALES,"Trong trường hợp Bên B vi phạm thời hạn giao hàng quá 3 ngày, Bên B phải chịu phạt vi phạm bằng 50% tổng giá trị hợp đồng và bồi thường 100% giá trị lô hàng.","Trong trường_hợp Bên B vi_phạm thời_hạn giao hàng quá 3 ngày , Bên B phải chịu phạt vi_phạm bằng 50 % tổng giá_trị hợp_đồng và bồi_thường 100 % giá_trị lô hàng .",1.0,SYNTHETIC_GENERATOR,1,0,0,0,0,0,0,0
CLAUSE_0045,SALES,"Trong trường hợp Bên B vi phạm thời hạn giao hàng quá 3 ngày, Bên B phải chịu phạt vi phạm bằng 50% tổng giá trị hợp đồng và bồi thường 150% giá trị lô hàng.","Trong trường_hợp Bên B vi_phạm thời_hạn giao hàng quá 3 ngày , Bên B phải chịu phạt vi_phạm bằng 50 % tổng giá_trị hợp_đồng và bồi_thường 150 % giá_trị lô hàng .",1.0,SYNTHETIC_GENERATOR,1,0,0,0,0,0,0,0
CLAUSE_0046,SALES,"Trong trường hợp Bên B vi phạm thời hạn giao hàng quá 5 ngày, Bên B phải chịu phạt vi phạm bằng 20% tổng giá trị hợp đồng và bồi thường 50% giá trị lô hàng.","Trong trường_hợp Bên B vi_phạm thời_hạn giao hàng quá 5 ngày , Bên B phải chịu phạt vi_phạm bằng 20 % tổng giá_trị hợp_đồng và bồi_thường 50 % giá_trị lô hàng .",1.0,SYNTHETIC_GENERATOR,1,0,0,0,0,0,0,0
CLAUSE_0047,SALES,"Trong trường hợp Bên B vi phạm thời hạn giao hàng quá 5 ngày, Bên B phải chịu phạt vi phạm bằng 20% tổng giá trị hợp đồng và bồi thường 100% giá trị lô hàng.","Trong trường_hợp Bên B vi_phạm thời_hạn giao hàng quá 5 ngày , Bên B phải chịu phạt vi_phạm bằng 20 % tổng giá_trị hợp_đồng và bồi_thường 100 % giá_trị lô hàng .",1.0,SYNTHETIC_GENERATOR,1,0,0,0,0,0,0,0
CLAUSE_0048,SALES,"Trong trường hợp Bên B vi phạm thời hạn giao hàng quá 5 ngày, Bên B phải chịu phạt vi phạm bằng 20% tổng giá trị hợp đồng và bồi thường 150% giá trị lô hàng.","Trong trường_hợp Bên B vi_phạm thời_hạn giao hàng quá 5 ngày , Bên B phải chịu phạt vi_phạm bằng 20 % tổng giá_trị hợp_đồng và bồi_thường 150 % giá_trị lô hàng .",1.0,SYNTHETIC_GENERATOR,1,0,0,0,0,0,0,0
CLAUSE_0049,SALES,"Trong trường hợp Bên B vi phạm thời hạn giao hàng quá 5 ngày, Bên B phải chịu phạt vi phạm bằng 25% tổng giá trị hợp đồng và bồi thường 50% giá trị lô hàng.","Trong trường_hợp Bên B vi_phạm thời_hạn giao hàng quá 5 ngày , Bên B phải chịu phạt vi_phạm bằng 25 % tổng giá_trị hợp_đồng và bồi_thường 50 % giá_trị lô hàng .",1.0,SYNTHETIC_GENERATOR,1,0,0,0,0,0,0,0
CLAUSE_0050,SALES,"Trong trường hợp Bên B vi phạm thời hạn giao hàng quá 5 ngày, Bên B phải chịu phạt vi phạm bằng 25% tổng giá trị hợp đồng và bồi thường 100% giá trị lô hàng.","Trong trường_hợp Bên B vi_phạm thời_hạn giao hàng quá 5 ngày , Bên B phải chịu phạt vi_phạm bằng 25 % tổng giá_trị hợp_đồng và bồi_thường 100 % giá_trị lô hàng .",1.0,SYNTHETIC_GENERATOR,1,0,0,0,0,0,0,0
CLAUSE_0051,SALES,"Trong trường hợp Bên B vi phạm thời hạn giao hàng quá 5 ngày, Bên B phải chịu phạt vi phạm bằng 25% tổng giá trị hợp đồng và bồi thường 150% giá trị lô hàng.","Trong trường_hợp Bên B vi_phạm thời_hạn giao hàng quá 5 ngày , Bên B phải chịu phạt vi_phạm bằng 25 % tổng giá_trị hợp_đồng và bồi_thường 150 % giá_trị lô hàng .",1.0,SYNTHETIC_GENERATOR,1,0,0,0,0,0,0,0
CLAUSE_0052,SALES,"Trong trường hợp Bên B vi phạm thời hạn giao hàng quá 5 ngày, Bên B phải chịu phạt vi phạm bằng 30% tổng giá trị hợp đồng và bồi thường 50% giá trị lô hàng.","Trong trường_hợp Bên B vi_phạm thời_hạn giao hàng quá 5 ngày , Bên B phải chịu phạt vi_phạm bằng 30 % tổng giá_trị hợp_đồng và bồi_thường 50 % giá_trị lô hàng .",1.0,SYNTHETIC_GENERATOR,1,0,0,0,0,0,0,0
CLAUSE_0053,SALES,"Trong trường hợp Bên B vi phạm thời hạn giao hàng quá 5 ngày, Bên B phải chịu phạt vi phạm bằng 30% tổng giá trị hợp đồng và bồi thường 100% giá trị lô hàng.","Trong trường_hợp Bên B vi_phạm thời_hạn giao hàng quá 5 ngày , Bên B phải chịu phạt vi_phạm bằng 30 % tổng giá_trị hợp_đồng và bồi_thường 100 % giá_trị lô hàng .",1.0,SYNTHETIC_GENERATOR,1,0,0,0,0,0,0,0
CLAUSE_0054,SALES,"Trong trường hợp Bên B vi phạm thời hạn giao hàng quá 5 ngày, Bên B phải chịu phạt vi phạm bằng 30% tổng giá trị hợp đồng và bồi thường 150% giá trị lô hàng.","Trong trường_hợp Bên B vi_phạm thời_hạn giao hàng quá 5 ngày , Bên B phải chịu phạt vi_phạm bằng 30 % tổng giá_trị hợp_đồng và bồi_thường 150 % giá_trị lô hàng .",1.0,SYNTHETIC_GENERATOR,1,0,0,0,0,0,0,0
CLAUSE_0055,SALES,"Trong trường hợp Bên B vi phạm thời hạn giao hàng quá 5 ngày, Bên B phải chịu phạt vi phạm bằng 40% tổng giá trị hợp đồng và bồi thường 50% giá trị lô hàng.","Trong trường_hợp Bên B vi_phạm thời_hạn giao hàng quá 5 ngày , Bên B phải chịu phạt vi_phạm bằng 40 % tổng giá_trị hợp_đồng và bồi_thường 50 % giá_trị lô hàng .",1.0,SYNTHETIC_GENERATOR,1,0,0,0,0,0,0,0
CLAUSE_0056,SALES,"Trong trường hợp Bên B vi phạm thời hạn giao hàng quá 5 ngày, Bên B phải chịu phạt vi phạm bằng 40% tổng giá trị hợp đồng và bồi thường 100% giá trị lô hàng.","Trong trường_hợp Bên B vi_phạm thời_hạn giao hàng quá 5 ngày , Bên B phải chịu phạt vi_phạm bằng 40 % tổng giá_trị hợp_đồng và bồi_thường 100 % giá_trị lô hàng .",1.0,SYNTHETIC_GENERATOR,1,0,0,0,0,0,0,0
CLAUSE_0057,SALES,"Trong trường hợp Bên B vi phạm thời hạn giao hàng quá 5 ngày, Bên B phải chịu phạt vi phạm bằng 40% tổng giá trị hợp đồng và bồi thường 150% giá trị lô hàng.","Trong trường_hợp Bên B vi_phạm thời_hạn giao hàng quá 5 ngày , Bên B phải chịu phạt vi_phạm bằng 40 % tổng giá_trị hợp_đồng và bồi_thường 150 % giá_trị lô hàng .",1.0,SYNTHETIC_GENERATOR,1,0,0,0,0,0,0,0
CLAUSE_0058,SALES,"Trong trường hợp Bên B vi phạm thời hạn giao hàng quá 5 ngày, Bên B phải chịu phạt vi phạm bằng 50% tổng giá trị hợp đồng và bồi thường 50% giá trị lô hàng.","Trong trường_hợp Bên B vi_phạm thời_hạn giao hàng quá 5 ngày , Bên B phải chịu phạt vi_phạm bằng 50 % tổng giá_trị hợp_đồng và bồi_thường 50 % giá_trị lô hàng .",1.0,SYNTHETIC_GENERATOR,1,0,0,0,0,0,0,0
CLAUSE_0059,SALES,"Trong trường hợp Bên B vi phạm thời hạn giao hàng quá 5 ngày, Bên B phải chịu phạt vi phạm bằng 50% tổng giá trị hợp đồng và bồi thường 100% giá trị lô hàng.","Trong trường_hợp Bên B vi_phạm thời_hạn giao hàng quá 5 ngày , Bên B phải chịu phạt vi_phạm bằng 50 % tổng giá_trị hợp_đồng và bồi_thường 100 % giá_trị lô hàng .",1.0,SYNTHETIC_GENERATOR,1,0,0,0,0,0,0,0
CLAUSE_0060,SALES,"Trong trường hợp Bên B vi phạm thời hạn giao hàng quá 5 ngày, Bên B phải chịu phạt vi phạm bằng 50% tổng giá trị hợp đồng và bồi thường 150% giá trị lô hàng.","Trong trường_hợp Bên B vi_phạm thời_hạn giao hàng quá 5 ngày , Bên B phải chịu phạt vi_phạm bằng 50 % tổng giá_trị hợp_đồng và bồi_thường 150 % giá_trị lô hàng .",1.0,SYNTHETIC_GENERATOR,1,0,0,0,0,0,0,0
CLAUSE_0061,SALES,"Trong trường hợp Bên B vi phạm thời hạn giao hàng quá 7 ngày, Bên B phải chịu phạt vi phạm bằng 20% tổng giá trị hợp đồng và bồi thường 50% giá trị lô hàng.","Trong trường_hợp Bên B vi_phạm thời_hạn giao hàng quá 7 ngày , Bên B phải chịu phạt vi_phạm bằng 20 % tổng giá_trị hợp_đồng và bồi_thường 50 % giá_trị lô hàng .",1.0,SYNTHETIC_GENERATOR,1,0,0,0,0,0,0,0
CLAUSE_0062,SALES,"Trong trường hợp Bên B vi phạm thời hạn giao hàng quá 7 ngày, Bên B phải chịu phạt vi phạm bằng 20% tổng giá trị hợp đồng và bồi thường 100% giá trị lô hàng.","Trong trường_hợp Bên B vi_phạm thời_hạn giao hàng quá 7 ngày , Bên B phải chịu phạt vi_phạm bằng 20 % tổng giá_trị hợp_đồng và bồi_thường 100 % giá_trị lô hàng .",1.0,SYNTHETIC_GENERATOR,1,0,0,0,0,0,0,0
CLAUSE_0063,SALES,"Trong trường hợp Bên B vi phạm thời hạn giao hàng quá 7 ngày, Bên B phải chịu phạt vi phạm bằng 20% tổng giá trị hợp đồng và bồi thường 150% giá trị lô hàng.","Trong trường_hợp Bên B vi_phạm thời_hạn giao hàng quá 7 ngày , Bên B phải chịu phạt vi_phạm bằng 20 % tổng giá_trị hợp_đồng và bồi_thường 150 % giá_trị lô hàng .",1.0,SYNTHETIC_GENERATOR,1,0,0,0,0,0,0,0
CLAUSE_0064,SALES,"Trong trường hợp Bên B vi phạm thời hạn giao hàng quá 7 ngày, Bên B phải chịu phạt vi phạm bằng 25% tổng giá trị hợp đồng và bồi thường 50% giá trị lô hàng.","Trong trường_hợp Bên B vi_phạm thời_hạn giao hàng quá 7 ngày , Bên B phải chịu phạt vi_phạm bằng 25 % tổng giá_trị hợp_đồng và bồi_thường 50 % giá_trị lô hàng .",1.0,SYNTHETIC_GENERATOR,1,0,0,0,0,0,0,0
CLAUSE_0065,SALES,"Trong trường hợp Bên B vi phạm thời hạn giao hàng quá 7 ngày, Bên B phải chịu phạt vi phạm bằng 25% tổng giá trị hợp đồng và bồi thường 100% giá trị lô hàng.","Trong trường_hợp Bên B vi_phạm thời_hạn giao hàng quá 7 ngày , Bên B phải chịu phạt vi_phạm bằng 25 % tổng giá_trị hợp_đồng và bồi_thường 100 % giá_trị lô hàng .",1.0,SYNTHETIC_GENERATOR,1,0,0,0,0,0,0,0
CLAUSE_0066,SALES,"Trong trường hợp Bên B vi phạm thời hạn giao hàng quá 7 ngày, Bên B phải chịu phạt vi phạm bằng 25% tổng giá trị hợp đồng và bồi thường 150% giá trị lô hàng.","Trong trường_hợp Bên B vi_phạm thời_hạn giao hàng quá 7 ngày , Bên B phải chịu phạt vi_phạm bằng 25 % tổng giá_trị hợp_đồng và bồi_thường 150 % giá_trị lô hàng .",1.0,SYNTHETIC_GENERATOR,1,0,0,0,0,0,0,0
CLAUSE_0067,SALES,"Trong trường hợp Bên B vi phạm thời hạn giao hàng quá 7 ngày, Bên B phải chịu phạt vi phạm bằng 30% tổng giá trị hợp đồng và bồi thường 50% giá trị lô hàng.","Trong trường_hợp Bên B vi_phạm thời_hạn giao hàng quá 7 ngày , Bên B phải chịu phạt vi_phạm bằng 30 % tổng giá_trị hợp_đồng và bồi_thường 50 % giá_trị lô hàng .",1.0,SYNTHETIC_GENERATOR,1,0,0,0,0,0,0,0
CLAUSE_0068,SALES,"Trong trường hợp Bên B vi phạm thời hạn giao hàng quá 7 ngày, Bên B phải chịu phạt vi phạm bằng 30% tổng giá trị hợp đồng và bồi thường 100% giá trị lô hàng.","Trong trường_hợp Bên B vi_phạm thời_hạn giao hàng quá 7 ngày , Bên B phải chịu phạt vi_phạm bằng 30 % tổng giá_trị hợp_đồng và bồi_thường 100 % giá_trị lô hàng .",1.0,SYNTHETIC_GENERATOR,1,0,0,0,0,0,0,0
CLAUSE_0069,SALES,"Trong trường hợp Bên B vi phạm thời hạn giao hàng quá 7 ngày, Bên B phải chịu phạt vi phạm bằng 30% tổng giá trị hợp đồng và bồi thường 150% giá trị lô hàng.","Trong trường_hợp Bên B vi_phạm thời_hạn giao hàng quá 7 ngày , Bên B phải chịu phạt vi_phạm bằng 30 % tổng giá_trị hợp_đồng và bồi_thường 150 % giá_trị lô hàng .",1.0,SYNTHETIC_GENERATOR,1,0,0,0,0,0,0,0
CLAUSE_0070,SALES,"Trong trường hợp Bên B vi phạm thời hạn giao hàng quá 7 ngày, Bên B phải chịu phạt vi phạm bằng 40% tổng giá trị hợp đồng và bồi thường 50% giá trị lô hàng.","Trong trường_hợp Bên B vi_phạm thời_hạn giao hàng quá 7 ngày , Bên B phải chịu phạt vi_phạm bằng 40 % tổng giá_trị hợp_đồng và bồi_thường 50 % giá_trị lô hàng .",1.0,SYNTHETIC_GENERATOR,1,0,0,0,0,0,0,0
CLAUSE_0071,SALES,"Trong trường hợp Bên B vi phạm thời hạn giao hàng quá 7 ngày, Bên B phải chịu phạt vi phạm bằng 40% tổng giá trị hợp đồng và bồi thường 100% giá trị lô hàng.","Trong trường_hợp Bên B vi_phạm thời_hạn giao hàng quá 7 ngày , Bên B phải chịu phạt vi_phạm bằng 40 % tổng giá_trị hợp_đồng và bồi_thường 100 % giá_trị lô hàng .",1.0,SYNTHETIC_GENERATOR,1,0,0,0,0,0,0,0
CLAUSE_0072,SALES,"Trong trường hợp Bên B vi phạm thời hạn giao hàng quá 7 ngày, Bên B phải chịu phạt vi phạm bằng 40% tổng giá trị hợp đồng và bồi thường 150% giá trị lô hàng.","Trong trường_hợp Bên B vi_phạm thời_hạn giao hàng quá 7 ngày , Bên B phải chịu phạt vi_phạm bằng 40 % tổng giá_trị hợp_đồng và bồi_thường 150 % giá_trị lô hàng .",1.0,SYNTHETIC_GENERATOR,1,0,0,0,0,0,0,0
CLAUSE_0073,SALES,"Trong trường hợp Bên B vi phạm thời hạn giao hàng quá 7 ngày, Bên B phải chịu phạt vi phạm bằng 50% tổng giá trị hợp đồng và bồi thường 50% giá trị lô hàng.","Trong trường_hợp Bên B vi_phạm thời_hạn giao hàng quá 7 ngày , Bên B phải chịu phạt vi_phạm bằng 50 % tổng giá_trị hợp_đồng và bồi_thường 50 % giá_trị lô hàng .",1.0,SYNTHETIC_GENERATOR,1,0,0,0,0,0,0,0
CLAUSE_0074,SALES,"Trong trường hợp Bên B vi phạm thời hạn giao hàng quá 7 ngày, Bên B phải chịu phạt vi phạm bằng 50% tổng giá trị hợp đồng và bồi thường 100% giá trị lô hàng.","Trong trường_hợp Bên B vi_phạm thời_hạn giao hàng quá 7 ngày , Bên B phải chịu phạt vi_phạm bằng 50 % tổng giá_trị hợp_đồng và bồi_thường 100 % giá_trị lô hàng .",1.0,SYNTHETIC_GENERATOR,1,0,0,0,0,0,0,0
CLAUSE_0075,SALES,"Trong trường hợp Bên B vi phạm thời hạn giao hàng quá 7 ngày, Bên B phải chịu phạt vi phạm bằng 50% tổng giá trị hợp đồng và bồi thường 150% giá trị lô hàng.","Trong trường_hợp Bên B vi_phạm thời_hạn giao hàng quá 7 ngày , Bên B phải chịu phạt vi_phạm bằng 50 % tổng giá_trị hợp_đồng và bồi_thường 150 % giá_trị lô hàng .",1.0,SYNTHETIC_GENERATOR,1,0,0,0,0,0,0,0
CLAUSE_0076,LABOR,Người lao động đơn phương chấm dứt hợp đồng trước thời hạn phải hoàn trả 150% chi phí đào tạo và chịu phạt vi phạm bằng 2 tháng tiền lương thực nhận.,Người lao_động đơn_phương chấm_dứt hợp_đồng trước thời_hạn phải hoàn_trả 150 % chi_phí đào_tạo và chịu phạt vi_phạm bằng 2 tháng tiền_lương_thực nhận .,1.0,SYNTHETIC_GENERATOR,1,0,0,0,0,1,0,0
CLAUSE_0077,LABOR,Người lao động đơn phương chấm dứt hợp đồng trước thời hạn phải hoàn trả 150% chi phí đào tạo và chịu phạt vi phạm bằng 3 tháng tiền lương thực nhận.,Người lao_động đơn_phương chấm_dứt hợp_đồng trước thời_hạn phải hoàn_trả 150 % chi_phí đào_tạo và chịu phạt vi_phạm bằng 3 tháng tiền_lương_thực nhận .,1.0,SYNTHETIC_GENERATOR,1,0,0,0,0,1,0,0
CLAUSE_0078,LABOR,Người lao động đơn phương chấm dứt hợp đồng trước thời hạn phải hoàn trả 150% chi phí đào tạo và chịu phạt vi phạm bằng 4 tháng tiền lương thực nhận.,Người lao_động đơn_phương chấm_dứt hợp_đồng trước thời_hạn phải hoàn_trả 150 % chi_phí đào_tạo và chịu phạt vi_phạm bằng 4 tháng tiền_lương_thực nhận .,1.0,SYNTHETIC_GENERATOR,1,0,0,0,0,1,0,0
CLAUSE_0079,LABOR,Người lao động đơn phương chấm dứt hợp đồng trước thời hạn phải hoàn trả 150% chi phí đào tạo và chịu phạt vi phạm bằng 6 tháng tiền lương thực nhận.,Người lao_động đơn_phương chấm_dứt hợp_đồng trước thời_hạn phải hoàn_trả 150 % chi_phí đào_tạo và chịu phạt vi_phạm bằng 6 tháng tiền_lương_thực nhận .,1.0,SYNTHETIC_GENERATOR,1,0,0,0,0,1,0,0
CLAUSE_0080,LABOR,Người lao động đơn phương chấm dứt hợp đồng trước thời hạn phải hoàn trả 150% chi phí đào tạo và chịu phạt vi phạm bằng 12 tháng tiền lương thực nhận.,Người lao_động đơn_phương chấm_dứt hợp_đồng trước thời_hạn phải hoàn_trả 150 % chi_phí đào_tạo và chịu phạt vi_phạm bằng 12 tháng tiền_lương_thực nhận .,1.0,SYNTHETIC_GENERATOR,1,0,0,0,0,1,0,0
CLAUSE_0081,LABOR,Người lao động đơn phương chấm dứt hợp đồng trước thời hạn phải hoàn trả 200% chi phí đào tạo và chịu phạt vi phạm bằng 2 tháng tiền lương thực nhận.,Người lao_động đơn_phương chấm_dứt hợp_đồng trước thời_hạn phải hoàn_trả 200 % chi_phí đào_tạo và chịu phạt vi_phạm bằng 2 tháng tiền_lương_thực nhận .,1.0,SYNTHETIC_GENERATOR,1,0,0,0,0,1,0,0
CLAUSE_0082,LABOR,Người lao động đơn phương chấm dứt hợp đồng trước thời hạn phải hoàn trả 200% chi phí đào tạo và chịu phạt vi phạm bằng 3 tháng tiền lương thực nhận.,Người lao_động đơn_phương chấm_dứt hợp_đồng trước thời_hạn phải hoàn_trả 200 % chi_phí đào_tạo và chịu phạt vi_phạm bằng 3 tháng tiền_lương_thực nhận .,1.0,SYNTHETIC_GENERATOR,1,0,0,0,0,1,0,0
CLAUSE_0083,LABOR,Người lao động đơn phương chấm dứt hợp đồng trước thời hạn phải hoàn trả 200% chi phí đào tạo và chịu phạt vi phạm bằng 4 tháng tiền lương thực nhận.,Người lao_động đơn_phương chấm_dứt hợp_đồng trước thời_hạn phải hoàn_trả 200 % chi_phí đào_tạo và chịu phạt vi_phạm bằng 4 tháng tiền_lương_thực nhận .,1.0,SYNTHETIC_GENERATOR,1,0,0,0,0,1,0,0
CLAUSE_0084,LABOR,Người lao động đơn phương chấm dứt hợp đồng trước thời hạn phải hoàn trả 200% chi phí đào tạo và chịu phạt vi phạm bằng 6 tháng tiền lương thực nhận.,Người lao_động đơn_phương chấm_dứt hợp_đồng trước thời_hạn phải hoàn_trả 200 % chi_phí đào_tạo và chịu phạt vi_phạm bằng 6 tháng tiền_lương_thực nhận .,1.0,SYNTHETIC_GENERATOR,1,0,0,0,0,1,0,0
CLAUSE_0085,LABOR,Người lao động đơn phương chấm dứt hợp đồng trước thời hạn phải hoàn trả 200% chi phí đào tạo và chịu phạt vi phạm bằng 12 tháng tiền lương thực nhận.,Người lao_động đơn_phương chấm_dứt hợp_đồng trước thời_hạn phải hoàn_trả 200 % chi_phí đào_tạo và chịu phạt vi_phạm bằng 12 tháng tiền_lương_thực nhận .,1.0,SYNTHETIC_GENERATOR,1,0,0,0,0,1,0,0
CLAUSE_0086,LABOR,Người lao động đơn phương chấm dứt hợp đồng trước thời hạn phải hoàn trả 250% chi phí đào tạo và chịu phạt vi phạm bằng 2 tháng tiền lương thực nhận.,Người lao_động đơn_phương chấm_dứt hợp_đồng trước thời_hạn phải hoàn_trả 250 % chi_phí đào_tạo và chịu phạt vi_phạm bằng 2 tháng tiền_lương_thực nhận .,1.0,SYNTHETIC_GENERATOR,1,0,0,0,0,1,0,0
CLAUSE_0087,LABOR,Người lao động đơn phương chấm dứt hợp đồng trước thời hạn phải hoàn trả 250% chi phí đào tạo và chịu phạt vi phạm bằng 3 tháng tiền lương thực nhận.,Người lao_động đơn_phương chấm_dứt hợp_đồng trước thời_hạn phải hoàn_trả 250 % chi_phí đào_tạo và chịu phạt vi_phạm bằng 3 tháng tiền_lương_thực nhận .,1.0,SYNTHETIC_GENERATOR,1,0,0,0,0,1,0,0
CLAUSE_0088,LABOR,Người lao động đơn phương chấm dứt hợp đồng trước thời hạn phải hoàn trả 250% chi phí đào tạo và chịu phạt vi phạm bằng 4 tháng tiền lương thực nhận.,Người lao_động đơn_phương chấm_dứt hợp_đồng trước thời_hạn phải hoàn_trả 250 % chi_phí đào_tạo và chịu phạt vi_phạm bằng 4 tháng tiền_lương_thực nhận .,1.0,SYNTHETIC_GENERATOR,1,0,0,0,0,1,0,0
CLAUSE_0089,LABOR,Người lao động đơn phương chấm dứt hợp đồng trước thời hạn phải hoàn trả 250% chi phí đào tạo và chịu phạt vi phạm bằng 6 tháng tiền lương thực nhận.,Người lao_động đơn_phương chấm_dứt hợp_đồng trước thời_hạn phải hoàn_trả 250 % chi_phí đào_tạo và chịu phạt vi_phạm bằng 6 tháng tiền_lương_thực nhận .,1.0,SYNTHETIC_GENERATOR,1,0,0,0,0,1,0,0
CLAUSE_0090,LABOR,Người lao động đơn phương chấm dứt hợp đồng trước thời hạn phải hoàn trả 250% chi phí đào tạo và chịu phạt vi phạm bằng 12 tháng tiền lương thực nhận.,Người lao_động đơn_phương chấm_dứt hợp_đồng trước thời_hạn phải hoàn_trả 250 % chi_phí đào_tạo và chịu phạt vi_phạm bằng 12 tháng tiền_lương_thực nhận .,1.0,SYNTHETIC_GENERATOR,1,0,0,0,0,1,0,0
CLAUSE_0091,LABOR,Người lao động đơn phương chấm dứt hợp đồng trước thời hạn phải hoàn trả 300% chi phí đào tạo và chịu phạt vi phạm bằng 2 tháng tiền lương thực nhận.,Người lao_động đơn_phương chấm_dứt hợp_đồng trước thời_hạn phải hoàn_trả 300 % chi_phí đào_tạo và chịu phạt vi_phạm bằng 2 tháng tiền_lương_thực nhận .,1.0,SYNTHETIC_GENERATOR,1,0,0,0,0,1,0,0
CLAUSE_0092,LABOR,Người lao động đơn phương chấm dứt hợp đồng trước thời hạn phải hoàn trả 300% chi phí đào tạo và chịu phạt vi phạm bằng 3 tháng tiền lương thực nhận.,Người lao_động đơn_phương chấm_dứt hợp_đồng trước thời_hạn phải hoàn_trả 300 % chi_phí đào_tạo và chịu phạt vi_phạm bằng 3 tháng tiền_lương_thực nhận .,1.0,SYNTHETIC_GENERATOR,1,0,0,0,0,1,0,0
CLAUSE_0093,LABOR,Người lao động đơn phương chấm dứt hợp đồng trước thời hạn phải hoàn trả 300% chi phí đào tạo và chịu phạt vi phạm bằng 4 tháng tiền lương thực nhận.,Người lao_động đơn_phương chấm_dứt hợp_đồng trước thời_hạn phải hoàn_trả 300 % chi_phí đào_tạo và chịu phạt vi_phạm bằng 4 tháng tiền_lương_thực nhận .,1.0,SYNTHETIC_GENERATOR,1,0,0,0,0,1,0,0
CLAUSE_0094,LABOR,Người lao động đơn phương chấm dứt hợp đồng trước thời hạn phải hoàn trả 300% chi phí đào tạo và chịu phạt vi phạm bằng 6 tháng tiền lương thực nhận.,Người lao_động đơn_phương chấm_dứt hợp_đồng trước thời_hạn phải hoàn_trả 300 % chi_phí đào_tạo và chịu phạt vi_phạm bằng 6 tháng tiền_lương_thực nhận .,1.0,SYNTHETIC_GENERATOR,1,0,0,0,0,1,0,0
CLAUSE_0095,LABOR,Người lao động đơn phương chấm dứt hợp đồng trước thời hạn phải hoàn trả 300% chi phí đào tạo và chịu phạt vi phạm bằng 12 tháng tiền lương thực nhận.,Người lao_động đơn_phương chấm_dứt hợp_đồng trước thời_hạn phải hoàn_trả 300 % chi_phí đào_tạo và chịu phạt vi_phạm bằng 12 tháng tiền_lương_thực nhận .,1.0,SYNTHETIC_GENERATOR,1,0,0,0,0,1,0,0
CLAUSE_0096,LABOR,Người lao động đơn phương chấm dứt hợp đồng trước thời hạn phải hoàn trả 500% chi phí đào tạo và chịu phạt vi phạm bằng 2 tháng tiền lương thực nhận.,Người lao_động đơn_phương chấm_dứt hợp_đồng trước thời_hạn phải hoàn_trả 500 % chi_phí đào_tạo và chịu phạt vi_phạm bằng 2 tháng tiền_lương_thực nhận .,1.0,SYNTHETIC_GENERATOR,1,0,0,0,0,1,0,0
CLAUSE_0097,LABOR,Người lao động đơn phương chấm dứt hợp đồng trước thời hạn phải hoàn trả 500% chi phí đào tạo và chịu phạt vi phạm bằng 3 tháng tiền lương thực nhận.,Người lao_động đơn_phương chấm_dứt hợp_đồng trước thời_hạn phải hoàn_trả 500 % chi_phí đào_tạo và chịu phạt vi_phạm bằng 3 tháng tiền_lương_thực nhận .,1.0,SYNTHETIC_GENERATOR,1,0,0,0,0,1,0,0
CLAUSE_0098,LABOR,Người lao động đơn phương chấm dứt hợp đồng trước thời hạn phải hoàn trả 500% chi phí đào tạo và chịu phạt vi phạm bằng 4 tháng tiền lương thực nhận.,Người lao_động đơn_phương chấm_dứt hợp_đồng trước thời_hạn phải hoàn_trả 500 % chi_phí đào_tạo và chịu phạt vi_phạm bằng 4 tháng tiền_lương_thực nhận .,1.0,SYNTHETIC_GENERATOR,1,0,0,0,0,1,0,0
CLAUSE_0099,LABOR,Người lao động đơn phương chấm dứt hợp đồng trước thời hạn phải hoàn trả 500% chi phí đào tạo và chịu phạt vi phạm bằng 6 tháng tiền lương thực nhận.,Người lao_động đơn_phương chấm_dứt hợp_đồng trước thời_hạn phải hoàn_trả 500 % chi_phí đào_tạo và chịu phạt vi_phạm bằng 6 tháng tiền_lương_thực nhận .,1.0,SYNTHETIC_GENERATOR,1,0,0,0,0,1,0,0
CLAUSE_0100,LABOR,Người lao động đơn phương chấm dứt hợp đồng trước thời hạn phải hoàn trả 500% chi phí đào tạo và chịu phạt vi phạm bằng 12 tháng tiền lương thực nhận.,Người lao_động đơn_phương chấm_dứt hợp_đồng trước thời_hạn phải hoàn_trả 500 % chi_phí đào_tạo và chịu phạt vi_phạm bằng 12 tháng tiền_lương_thực nhận .,1.0,SYNTHETIC_GENERATOR,1,0,0,0,0,1,0,0
CLAUSE_0101,LEASE,Bên Thuê chậm thanh toán tiền nhà quá 1 ngày sẽ bị tịch thu 100% tiền đặt cọc và chịu phạt thêm 1 tháng tiền thuê nhà mà Bên Cho Thuê không cần chứng minh thiệt hại.,Bên Thuê chậm thanh_toán tiền nhà quá 1 ngày sẽ bị tịch_thu 100 % tiền đặt_cọc và chịu phạt thêm 1 tháng tiền thuê nhà mà Bên Cho Thuê không cần chứng_minh thiệt_hại .,1.0,SYNTHETIC_GENERATOR,1,0,0,0,0,0,0,0
CLAUSE_0102,LEASE,Bên Thuê chậm thanh toán tiền nhà quá 1 ngày sẽ bị tịch thu 100% tiền đặt cọc và chịu phạt thêm 2 tháng tiền thuê nhà mà Bên Cho Thuê không cần chứng minh thiệt hại.,Bên Thuê chậm thanh_toán tiền nhà quá 1 ngày sẽ bị tịch_thu 100 % tiền đặt_cọc và chịu phạt thêm 2 tháng tiền thuê nhà mà Bên Cho Thuê không cần chứng_minh thiệt_hại .,1.0,SYNTHETIC_GENERATOR,1,0,0,0,0,0,0,0
CLAUSE_0103,LEASE,Bên Thuê chậm thanh toán tiền nhà quá 1 ngày sẽ bị tịch thu 100% tiền đặt cọc và chịu phạt thêm 3 tháng tiền thuê nhà mà Bên Cho Thuê không cần chứng minh thiệt hại.,Bên Thuê chậm thanh_toán tiền nhà quá 1 ngày sẽ bị tịch_thu 100 % tiền đặt_cọc và chịu phạt thêm 3 tháng tiền thuê nhà mà Bên Cho Thuê không cần chứng_minh thiệt_hại .,1.0,SYNTHETIC_GENERATOR,1,0,0,0,0,0,0,0
CLAUSE_0104,LEASE,Bên Thuê chậm thanh toán tiền nhà quá 1 ngày sẽ bị tịch thu 100% tiền đặt cọc và chịu phạt thêm 6 tháng tiền thuê nhà mà Bên Cho Thuê không cần chứng minh thiệt hại.,Bên Thuê chậm thanh_toán tiền nhà quá 1 ngày sẽ bị tịch_thu 100 % tiền đặt_cọc và chịu phạt thêm 6 tháng tiền thuê nhà mà Bên Cho Thuê không cần chứng_minh thiệt_hại .,1.0,SYNTHETIC_GENERATOR,1,0,0,0,0,0,0,0
CLAUSE_0105,LEASE,Bên Thuê chậm thanh toán tiền nhà quá 3 ngày sẽ bị tịch thu 100% tiền đặt cọc và chịu phạt thêm 1 tháng tiền thuê nhà mà Bên Cho Thuê không cần chứng minh thiệt hại.,Bên Thuê chậm thanh_toán tiền nhà quá 3 ngày sẽ bị tịch_thu 100 % tiền đặt_cọc và chịu phạt thêm 1 tháng tiền thuê nhà mà Bên Cho Thuê không cần chứng_minh thiệt_hại .,1.0,SYNTHETIC_GENERATOR,1,0,0,0,0,0,0,0
CLAUSE_0106,LEASE,Bên Thuê chậm thanh toán tiền nhà quá 3 ngày sẽ bị tịch thu 100% tiền đặt cọc và chịu phạt thêm 2 tháng tiền thuê nhà mà Bên Cho Thuê không cần chứng minh thiệt hại.,Bên Thuê chậm thanh_toán tiền nhà quá 3 ngày sẽ bị tịch_thu 100 % tiền đặt_cọc và chịu phạt thêm 2 tháng tiền thuê nhà mà Bên Cho Thuê không cần chứng_minh thiệt_hại .,1.0,SYNTHETIC_GENERATOR,1,0,0,0,0,0,0,0
CLAUSE_0107,LEASE,Bên Thuê chậm thanh toán tiền nhà quá 3 ngày sẽ bị tịch thu 100% tiền đặt cọc và chịu phạt thêm 3 tháng tiền thuê nhà mà Bên Cho Thuê không cần chứng minh thiệt hại.,Bên Thuê chậm thanh_toán tiền nhà quá 3 ngày sẽ bị tịch_thu 100 % tiền đặt_cọc và chịu phạt thêm 3 tháng tiền thuê nhà mà Bên Cho Thuê không cần chứng_minh thiệt_hại .,1.0,SYNTHETIC_GENERATOR,1,0,0,0,0,0,0,0
CLAUSE_0108,LEASE,Bên Thuê chậm thanh toán tiền nhà quá 3 ngày sẽ bị tịch thu 100% tiền đặt cọc và chịu phạt thêm 6 tháng tiền thuê nhà mà Bên Cho Thuê không cần chứng minh thiệt hại.,Bên Thuê chậm thanh_toán tiền nhà quá 3 ngày sẽ bị tịch_thu 100 % tiền đặt_cọc và chịu phạt thêm 6 tháng tiền thuê nhà mà Bên Cho Thuê không cần chứng_minh thiệt_hại .,1.0,SYNTHETIC_GENERATOR,1,0,0,0,0,0,0,0
CLAUSE_0109,LEASE,Bên Thuê chậm thanh toán tiền nhà quá 5 ngày sẽ bị tịch thu 100% tiền đặt cọc và chịu phạt thêm 1 tháng tiền thuê nhà mà Bên Cho Thuê không cần chứng minh thiệt hại.,Bên Thuê chậm thanh_toán tiền nhà quá 5 ngày sẽ bị tịch_thu 100 % tiền đặt_cọc và chịu phạt thêm 1 tháng tiền thuê nhà mà Bên Cho Thuê không cần chứng_minh thiệt_hại .,1.0,SYNTHETIC_GENERATOR,1,0,0,0,0,0,0,0
CLAUSE_0110,LEASE,Bên Thuê chậm thanh toán tiền nhà quá 5 ngày sẽ bị tịch thu 100% tiền đặt cọc và chịu phạt thêm 2 tháng tiền thuê nhà mà Bên Cho Thuê không cần chứng minh thiệt hại.,Bên Thuê chậm thanh_toán tiền nhà quá 5 ngày sẽ bị tịch_thu 100 % tiền đặt_cọc và chịu phạt thêm 2 tháng tiền thuê nhà mà Bên Cho Thuê không cần chứng_minh thiệt_hại .,1.0,SYNTHETIC_GENERATOR,1,0,0,0,0,0,0,0
CLAUSE_0111,LEASE,Bên Thuê chậm thanh toán tiền nhà quá 5 ngày sẽ bị tịch thu 100% tiền đặt cọc và chịu phạt thêm 3 tháng tiền thuê nhà mà Bên Cho Thuê không cần chứng minh thiệt hại.,Bên Thuê chậm thanh_toán tiền nhà quá 5 ngày sẽ bị tịch_thu 100 % tiền đặt_cọc và chịu phạt thêm 3 tháng tiền thuê nhà mà Bên Cho Thuê không cần chứng_minh thiệt_hại .,1.0,SYNTHETIC_GENERATOR,1,0,0,0,0,0,0,0
CLAUSE_0112,LEASE,Bên Thuê chậm thanh toán tiền nhà quá 5 ngày sẽ bị tịch thu 100% tiền đặt cọc và chịu phạt thêm 6 tháng tiền thuê nhà mà Bên Cho Thuê không cần chứng minh thiệt hại.,Bên Thuê chậm thanh_toán tiền nhà quá 5 ngày sẽ bị tịch_thu 100 % tiền đặt_cọc và chịu phạt thêm 6 tháng tiền thuê nhà mà Bên Cho Thuê không cần chứng_minh thiệt_hại .,1.0,SYNTHETIC_GENERATOR,1,0,0,0,0,0,0,0
CLAUSE_0113,LEASE,Bên Thuê chậm thanh toán tiền nhà quá 7 ngày sẽ bị tịch thu 100% tiền đặt cọc và chịu phạt thêm 1 tháng tiền thuê nhà mà Bên Cho Thuê không cần chứng minh thiệt hại.,Bên Thuê chậm thanh_toán tiền nhà quá 7 ngày sẽ bị tịch_thu 100 % tiền đặt_cọc và chịu phạt thêm 1 tháng tiền thuê nhà mà Bên Cho Thuê không cần chứng_minh thiệt_hại .,1.0,SYNTHETIC_GENERATOR,1,0,0,0,0,0,0,0
CLAUSE_0114,LEASE,Bên Thuê chậm thanh toán tiền nhà quá 7 ngày sẽ bị tịch thu 100% tiền đặt cọc và chịu phạt thêm 2 tháng tiền thuê nhà mà Bên Cho Thuê không cần chứng minh thiệt hại.,Bên Thuê chậm thanh_toán tiền nhà quá 7 ngày sẽ bị tịch_thu 100 % tiền đặt_cọc và chịu phạt thêm 2 tháng tiền thuê nhà mà Bên Cho Thuê không cần chứng_minh thiệt_hại .,1.0,SYNTHETIC_GENERATOR,1,0,0,0,0,0,0,0
CLAUSE_0115,LEASE,Bên Thuê chậm thanh toán tiền nhà quá 7 ngày sẽ bị tịch thu 100% tiền đặt cọc và chịu phạt thêm 3 tháng tiền thuê nhà mà Bên Cho Thuê không cần chứng minh thiệt hại.,Bên Thuê chậm thanh_toán tiền nhà quá 7 ngày sẽ bị tịch_thu 100 % tiền đặt_cọc và chịu phạt thêm 3 tháng tiền thuê nhà mà Bên Cho Thuê không cần chứng_minh thiệt_hại .,1.0,SYNTHETIC_GENERATOR,1,0,0,0,0,0,0,0
CLAUSE_0116,LEASE,Bên Thuê chậm thanh toán tiền nhà quá 7 ngày sẽ bị tịch thu 100% tiền đặt cọc và chịu phạt thêm 6 tháng tiền thuê nhà mà Bên Cho Thuê không cần chứng minh thiệt hại.,Bên Thuê chậm thanh_toán tiền nhà quá 7 ngày sẽ bị tịch_thu 100 % tiền đặt_cọc và chịu phạt thêm 6 tháng tiền thuê nhà mà Bên Cho Thuê không cần chứng_minh thiệt_hại .,1.0,SYNTHETIC_GENERATOR,1,0,0,0,0,0,0,0
CLAUSE_0117,SERVICE,"Trường hợp Bên B vi phạm quy định bảo mật thông tin, Bên B phải chịu khoản phạt vi phạm cố định là 200.000.000 VNĐ mà Bên A không cần chứng minh thiệt hại thực tế.","Trường_hợp Bên B vi_phạm quy_định bảo_mật thông_tin , Bên B phải chịu khoản phạt vi_phạm cố_định là 200.000.000 VNĐ mà Bên_A không cần chứng_minh thiệt_hại thực_tế .",1.0,SYNTHETIC_GENERATOR,1,0,1,0,0,0,0,0
CLAUSE_0118,SERVICE,"Trường hợp Bên B vi phạm quy định bảo mật thông tin, Bên B phải chịu khoản phạt vi phạm cố định là 500.000.000 VNĐ mà Bên A không cần chứng minh thiệt hại thực tế.","Trường_hợp Bên B vi_phạm quy_định bảo_mật thông_tin , Bên B phải chịu khoản phạt vi_phạm cố_định là 500.000.000 VNĐ mà Bên_A không cần chứng_minh thiệt_hại thực_tế .",1.0,SYNTHETIC_GENERATOR,1,0,1,0,0,0,0,0
CLAUSE_0119,SERVICE,"Trường hợp Bên B vi phạm quy định bảo mật thông tin, Bên B phải chịu khoản phạt vi phạm cố định là 1.000.000.000 VNĐ mà Bên A không cần chứng minh thiệt hại thực tế.","Trường_hợp Bên B vi_phạm quy_định bảo_mật thông_tin , Bên B phải chịu khoản phạt vi_phạm cố_định là 1.000.000.000 VNĐ mà Bên_A không cần chứng_minh thiệt_hại thực_tế .",1.0,SYNTHETIC_GENERATOR,1,0,1,0,0,0,0,0
CLAUSE_0120,SERVICE,"Trường hợp Bên B vi phạm quy định bảo mật thông tin, Bên B phải chịu khoản phạt vi phạm cố định là 2.000.000.000 VNĐ mà Bên A không cần chứng minh thiệt hại thực tế.","Trường_hợp Bên B vi_phạm quy_định bảo_mật thông_tin , Bên B phải chịu khoản phạt vi_phạm cố_định là 2.000.000.000 VNĐ mà Bên_A không cần chứng_minh thiệt_hại thực_tế .",1.0,SYNTHETIC_GENERATOR,1,0,1,0,0,0,0,0
CLAUSE_0121,SERVICE,"Trường hợp Bên B vi phạm quy định bảo mật thông tin, Bên B phải chịu khoản phạt vi phạm cố định là 50.000.000 USD VNĐ mà Bên A không cần chứng minh thiệt hại thực tế.","Trường_hợp Bên B vi_phạm quy_định bảo_mật thông_tin , Bên B phải chịu khoản phạt vi_phạm cố_định là 50.000.000 USD VNĐ mà Bên_A không cần chứng_minh thiệt_hại thực_tế .",1.0,SYNTHETIC_GENERATOR,1,0,1,0,0,0,0,0
CLAUSE_0122,SERVICE,"Bên A có quyền toàn quyền điều chỉnh tăng giá dịch vụ, thay đổi phạm vi công việc và tiến độ thực hiện bất kỳ lúc nào mà không cần sự đồng ý bằng văn bản của Bên B.","Bên A có quyền toàn_quyền điều_chỉnh tăng_giá dịch_vụ , thay_đổi phạm_vi công_việc và tiến_độ thực_hiện bất_kỳ lúc_nào mà không cần sự đồng_ý bằng văn_bản của Bên B .",1.0,SYNTHETIC_GENERATOR,0,1,0,0,0,0,0,0
CLAUSE_0123,SERVICE,"Bên A có quyền toàn quyền điều chỉnh tăng giá dịch vụ, thay đổi phạm vi công việc và tiến độ thực hiện bất kỳ lúc nào mà không cần sự đồng ý bằng văn bản của Bên B.","Bên A có quyền toàn_quyền điều_chỉnh tăng_giá dịch_vụ , thay_đổi phạm_vi công_việc và tiến_độ thực_hiện bất_kỳ lúc_nào mà không cần sự đồng_ý bằng văn_bản của Bên B .",1.0,SYNTHETIC_GENERATOR,0,1,0,0,0,0,0,0
CLAUSE_0124,SERVICE,"Bên A có quyền toàn quyền điều chỉnh tăng giá dịch vụ, thay đổi phạm vi công việc và tiến độ thực hiện bất kỳ lúc nào mà không cần sự đồng ý bằng văn bản của Bên B.","Bên A có quyền toàn_quyền điều_chỉnh tăng_giá dịch_vụ , thay_đổi phạm_vi công_việc và tiến_độ thực_hiện bất_kỳ lúc_nào mà không cần sự đồng_ý bằng văn_bản của Bên B .",1.0,SYNTHETIC_GENERATOR,0,1,0,0,0,0,0,0
CLAUSE_0125,SERVICE,"Bên A có quyền toàn quyền điều chỉnh tăng giá dịch vụ, thay đổi phạm vi công việc và tiến độ thực hiện bất kỳ lúc nào mà không cần sự đồng ý bằng văn bản của Bên B.","Bên A có quyền toàn_quyền điều_chỉnh tăng_giá dịch_vụ , thay_đổi phạm_vi công_việc và tiến_độ thực_hiện bất_kỳ lúc_nào mà không cần sự đồng_ý bằng văn_bản của Bên B .",1.0,SYNTHETIC_GENERATOR,0,1,0,0,0,0,0,0
CLAUSE_0126,SERVICE,"Bên A có quyền toàn quyền điều chỉnh tăng giá dịch vụ, thay đổi phạm vi công việc và tiến độ thực hiện bất kỳ lúc nào mà không cần sự đồng ý bằng văn bản của Bên B.","Bên A có quyền toàn_quyền điều_chỉnh tăng_giá dịch_vụ , thay_đổi phạm_vi công_việc và tiến_độ thực_hiện bất_kỳ lúc_nào mà không cần sự đồng_ý bằng văn_bản của Bên B .",1.0,SYNTHETIC_GENERATOR,0,1,0,0,0,0,0,0
CLAUSE_0127,SERVICE,"Bên A có quyền toàn quyền điều chỉnh tăng giá dịch vụ, thay đổi phạm vi công việc và tiến độ thực hiện bất kỳ lúc nào mà không cần sự đồng ý bằng văn bản của Bên B.","Bên A có quyền toàn_quyền điều_chỉnh tăng_giá dịch_vụ , thay_đổi phạm_vi công_việc và tiến_độ thực_hiện bất_kỳ lúc_nào mà không cần sự đồng_ý bằng văn_bản của Bên B .",1.0,SYNTHETIC_GENERATOR,0,1,0,0,0,0,0,0
CLAUSE_0128,SERVICE,"Bên A có quyền toàn quyền điều chỉnh tăng giá dịch vụ, thay đổi phạm vi công việc và tiến độ thực hiện bất kỳ lúc nào mà không cần sự đồng ý bằng văn bản của Bên B.","Bên A có quyền toàn_quyền điều_chỉnh tăng_giá dịch_vụ , thay_đổi phạm_vi công_việc và tiến_độ thực_hiện bất_kỳ lúc_nào mà không cần sự đồng_ý bằng văn_bản của Bên B .",1.0,SYNTHETIC_GENERATOR,0,1,0,0,0,0,0,0
CLAUSE_0129,SERVICE,"Bên A có quyền toàn quyền điều chỉnh tăng giá dịch vụ, thay đổi phạm vi công việc và tiến độ thực hiện bất kỳ lúc nào mà không cần sự đồng ý bằng văn bản của Bên B.","Bên A có quyền toàn_quyền điều_chỉnh tăng_giá dịch_vụ , thay_đổi phạm_vi công_việc và tiến_độ thực_hiện bất_kỳ lúc_nào mà không cần sự đồng_ý bằng văn_bản của Bên B .",1.0,SYNTHETIC_GENERATOR,0,1,0,0,0,0,0,0
CLAUSE_0130,SERVICE,"Bên A có quyền toàn quyền điều chỉnh tăng giá dịch vụ, thay đổi phạm vi công việc và tiến độ thực hiện bất kỳ lúc nào mà không cần sự đồng ý bằng văn bản của Bên B.","Bên A có quyền toàn_quyền điều_chỉnh tăng_giá dịch_vụ , thay_đổi phạm_vi công_việc và tiến_độ thực_hiện bất_kỳ lúc_nào mà không cần sự đồng_ý bằng văn_bản của Bên B .",1.0,SYNTHETIC_GENERATOR,0,1,0,0,0,0,0,0
CLAUSE_0131,SERVICE,"Bên A có quyền toàn quyền điều chỉnh tăng giá dịch vụ, thay đổi phạm vi công việc và tiến độ thực hiện bất kỳ lúc nào mà không cần sự đồng ý bằng văn bản của Bên B.","Bên A có quyền toàn_quyền điều_chỉnh tăng_giá dịch_vụ , thay_đổi phạm_vi công_việc và tiến_độ thực_hiện bất_kỳ lúc_nào mà không cần sự đồng_ý bằng văn_bản của Bên B .",1.0,SYNTHETIC_GENERATOR,0,1,0,0,0,0,0,0
CLAUSE_0132,LEASE,Bên Cho Thuê được quyền đơn phương điều chỉnh tăng giá thuê nhà thêm 10% mỗi năm mà không cần thông báo trước hoặc thỏa thuận với Bên Thuê.,Bên Cho Thuê được quyền đơn_phương điều_chỉnh tăng_giá thuê nhà thêm 10 % mỗi năm mà không cần thông_báo trước hoặc thỏa_thuận với Bên Thuê .,1.0,SYNTHETIC_GENERATOR,0,1,0,0,0,0,0,0
CLAUSE_0133,LEASE,Bên Cho Thuê được quyền đơn phương điều chỉnh tăng giá thuê nhà thêm 10% mỗi 6 tháng mà không cần thông báo trước hoặc thỏa thuận với Bên Thuê.,Bên Cho Thuê được quyền đơn_phương điều_chỉnh tăng_giá thuê nhà thêm 10 % mỗi 6 tháng mà không cần thông_báo trước hoặc thỏa_thuận với Bên Thuê .,1.0,SYNTHETIC_GENERATOR,0,1,0,0,0,0,0,0
CLAUSE_0134,LEASE,Bên Cho Thuê được quyền đơn phương điều chỉnh tăng giá thuê nhà thêm 10% mỗi quý mà không cần thông báo trước hoặc thỏa thuận với Bên Thuê.,Bên Cho Thuê được quyền đơn_phương điều_chỉnh tăng_giá thuê nhà thêm 10 % mỗi quý mà không cần thông_báo trước hoặc thỏa_thuận với Bên Thuê .,1.0,SYNTHETIC_GENERATOR,0,1,0,0,0,0,0,0
CLAUSE_0135,LEASE,Bên Cho Thuê được quyền đơn phương điều chỉnh tăng giá thuê nhà thêm 10% mỗi tháng mà không cần thông báo trước hoặc thỏa thuận với Bên Thuê.,Bên Cho Thuê được quyền đơn_phương điều_chỉnh tăng_giá thuê nhà thêm 10 % mỗi tháng mà không cần thông_báo trước hoặc thỏa_thuận với Bên Thuê .,1.0,SYNTHETIC_GENERATOR,0,1,0,0,0,0,0,0
CLAUSE_0136,LEASE,Bên Cho Thuê được quyền đơn phương điều chỉnh tăng giá thuê nhà thêm 15% mỗi năm mà không cần thông báo trước hoặc thỏa thuận với Bên Thuê.,Bên Cho Thuê được quyền đơn_phương điều_chỉnh tăng_giá thuê nhà thêm 15 % mỗi năm mà không cần thông_báo trước hoặc thỏa_thuận với Bên Thuê .,1.0,SYNTHETIC_GENERATOR,0,1,0,0,0,0,0,0
CLAUSE_0137,LEASE,Bên Cho Thuê được quyền đơn phương điều chỉnh tăng giá thuê nhà thêm 15% mỗi 6 tháng mà không cần thông báo trước hoặc thỏa thuận với Bên Thuê.,Bên Cho Thuê được quyền đơn_phương điều_chỉnh tăng_giá thuê nhà thêm 15 % mỗi 6 tháng mà không cần thông_báo trước hoặc thỏa_thuận với Bên Thuê .,1.0,SYNTHETIC_GENERATOR,0,1,0,0,0,0,0,0
CLAUSE_0138,LEASE,Bên Cho Thuê được quyền đơn phương điều chỉnh tăng giá thuê nhà thêm 15% mỗi quý mà không cần thông báo trước hoặc thỏa thuận với Bên Thuê.,Bên Cho Thuê được quyền đơn_phương điều_chỉnh tăng_giá thuê nhà thêm 15 % mỗi quý mà không cần thông_báo trước hoặc thỏa_thuận với Bên Thuê .,1.0,SYNTHETIC_GENERATOR,0,1,0,0,0,0,0,0
CLAUSE_0139,LEASE,Bên Cho Thuê được quyền đơn phương điều chỉnh tăng giá thuê nhà thêm 15% mỗi tháng mà không cần thông báo trước hoặc thỏa thuận với Bên Thuê.,Bên Cho Thuê được quyền đơn_phương điều_chỉnh tăng_giá thuê nhà thêm 15 % mỗi tháng mà không cần thông_báo trước hoặc thỏa_thuận với Bên Thuê .,1.0,SYNTHETIC_GENERATOR,0,1,0,0,0,0,0,0
CLAUSE_0140,LEASE,Bên Cho Thuê được quyền đơn phương điều chỉnh tăng giá thuê nhà thêm 20% mỗi năm mà không cần thông báo trước hoặc thỏa thuận với Bên Thuê.,Bên Cho Thuê được quyền đơn_phương điều_chỉnh tăng_giá thuê nhà thêm 20 % mỗi năm mà không cần thông_báo trước hoặc thỏa_thuận với Bên Thuê .,1.0,SYNTHETIC_GENERATOR,0,1,0,0,0,0,0,0
CLAUSE_0141,LEASE,Bên Cho Thuê được quyền đơn phương điều chỉnh tăng giá thuê nhà thêm 20% mỗi 6 tháng mà không cần thông báo trước hoặc thỏa thuận với Bên Thuê.,Bên Cho Thuê được quyền đơn_phương điều_chỉnh tăng_giá thuê nhà thêm 20 % mỗi 6 tháng mà không cần thông_báo trước hoặc thỏa_thuận với Bên Thuê .,1.0,SYNTHETIC_GENERATOR,0,1,0,0,0,0,0,0
CLAUSE_0142,LEASE,Bên Cho Thuê được quyền đơn phương điều chỉnh tăng giá thuê nhà thêm 20% mỗi quý mà không cần thông báo trước hoặc thỏa thuận với Bên Thuê.,Bên Cho Thuê được quyền đơn_phương điều_chỉnh tăng_giá thuê nhà thêm 20 % mỗi quý mà không cần thông_báo trước hoặc thỏa_thuận với Bên Thuê .,1.0,SYNTHETIC_GENERATOR,0,1,0,0,0,0,0,0
CLAUSE_0143,LEASE,Bên Cho Thuê được quyền đơn phương điều chỉnh tăng giá thuê nhà thêm 20% mỗi tháng mà không cần thông báo trước hoặc thỏa thuận với Bên Thuê.,Bên Cho Thuê được quyền đơn_phương điều_chỉnh tăng_giá thuê nhà thêm 20 % mỗi tháng mà không cần thông_báo trước hoặc thỏa_thuận với Bên Thuê .,1.0,SYNTHETIC_GENERATOR,0,1,0,0,0,0,0,0
CLAUSE_0144,LEASE,Bên Cho Thuê được quyền đơn phương điều chỉnh tăng giá thuê nhà thêm 25% mỗi năm mà không cần thông báo trước hoặc thỏa thuận với Bên Thuê.,Bên Cho Thuê được quyền đơn_phương điều_chỉnh tăng_giá thuê nhà thêm 25 % mỗi năm mà không cần thông_báo trước hoặc thỏa_thuận với Bên Thuê .,1.0,SYNTHETIC_GENERATOR,0,1,0,0,0,0,0,0
CLAUSE_0145,LEASE,Bên Cho Thuê được quyền đơn phương điều chỉnh tăng giá thuê nhà thêm 25% mỗi 6 tháng mà không cần thông báo trước hoặc thỏa thuận với Bên Thuê.,Bên Cho Thuê được quyền đơn_phương điều_chỉnh tăng_giá thuê nhà thêm 25 % mỗi 6 tháng mà không cần thông_báo trước hoặc thỏa_thuận với Bên Thuê .,1.0,SYNTHETIC_GENERATOR,0,1,0,0,0,0,0,0
CLAUSE_0146,LEASE,Bên Cho Thuê được quyền đơn phương điều chỉnh tăng giá thuê nhà thêm 25% mỗi quý mà không cần thông báo trước hoặc thỏa thuận với Bên Thuê.,Bên Cho Thuê được quyền đơn_phương điều_chỉnh tăng_giá thuê nhà thêm 25 % mỗi quý mà không cần thông_báo trước hoặc thỏa_thuận với Bên Thuê .,1.0,SYNTHETIC_GENERATOR,0,1,0,0,0,0,0,0
CLAUSE_0147,LEASE,Bên Cho Thuê được quyền đơn phương điều chỉnh tăng giá thuê nhà thêm 25% mỗi tháng mà không cần thông báo trước hoặc thỏa thuận với Bên Thuê.,Bên Cho Thuê được quyền đơn_phương điều_chỉnh tăng_giá thuê nhà thêm 25 % mỗi tháng mà không cần thông_báo trước hoặc thỏa_thuận với Bên Thuê .,1.0,SYNTHETIC_GENERATOR,0,1,0,0,0,0,0,0
CLAUSE_0148,LEASE,Bên Cho Thuê được quyền đơn phương điều chỉnh tăng giá thuê nhà thêm 30% mỗi năm mà không cần thông báo trước hoặc thỏa thuận với Bên Thuê.,Bên Cho Thuê được quyền đơn_phương điều_chỉnh tăng_giá thuê nhà thêm 30 % mỗi năm mà không cần thông_báo trước hoặc thỏa_thuận với Bên Thuê .,1.0,SYNTHETIC_GENERATOR,0,1,0,0,0,0,0,0
CLAUSE_0149,LEASE,Bên Cho Thuê được quyền đơn phương điều chỉnh tăng giá thuê nhà thêm 30% mỗi 6 tháng mà không cần thông báo trước hoặc thỏa thuận với Bên Thuê.,Bên Cho Thuê được quyền đơn_phương điều_chỉnh tăng_giá thuê nhà thêm 30 % mỗi 6 tháng mà không cần thông_báo trước hoặc thỏa_thuận với Bên Thuê .,1.0,SYNTHETIC_GENERATOR,0,1,0,0,0,0,0,0
CLAUSE_0150,LEASE,Bên Cho Thuê được quyền đơn phương điều chỉnh tăng giá thuê nhà thêm 30% mỗi quý mà không cần thông báo trước hoặc thỏa thuận với Bên Thuê.,Bên Cho Thuê được quyền đơn_phương điều_chỉnh tăng_giá thuê nhà thêm 30 % mỗi quý mà không cần thông_báo trước hoặc thỏa_thuận với Bên Thuê .,1.0,SYNTHETIC_GENERATOR,0,1,0,0,0,0,0,0
CLAUSE_0151,LEASE,Bên Cho Thuê được quyền đơn phương điều chỉnh tăng giá thuê nhà thêm 30% mỗi tháng mà không cần thông báo trước hoặc thỏa thuận với Bên Thuê.,Bên Cho Thuê được quyền đơn_phương điều_chỉnh tăng_giá thuê nhà thêm 30 % mỗi tháng mà không cần thông_báo trước hoặc thỏa_thuận với Bên Thuê .,1.0,SYNTHETIC_GENERATOR,0,1,0,0,0,0,0,0
CLAUSE_0152,LABOR,"Người sử dụng lao động có quyền tạm thời hoặc vĩnh viễn thay đổi vị trí công việc, địa điểm làm việc và mức lương của Người lao động theo nhu cầu sản xuất kinh doanh của Công ty.","Người sử_dụng lao_động có quyền tạm_thời hoặc vĩnh_viễn thay_đổi vị_trí công_việc , địa_điểm làm_việc và mức lương của Người lao_động theo nhu_cầu sản_xuất kinh_doanh của Công_ty .",1.0,SYNTHETIC_GENERATOR,0,1,0,0,0,0,0,0
CLAUSE_0153,LABOR,"Người sử dụng lao động có quyền tạm thời hoặc vĩnh viễn thay đổi vị trí công việc, địa điểm làm việc và mức lương của Người lao động theo nhu cầu sản xuất kinh doanh của Công ty.","Người sử_dụng lao_động có quyền tạm_thời hoặc vĩnh_viễn thay_đổi vị_trí công_việc , địa_điểm làm_việc và mức lương của Người lao_động theo nhu_cầu sản_xuất kinh_doanh của Công_ty .",1.0,SYNTHETIC_GENERATOR,0,1,0,0,0,0,0,0
CLAUSE_0154,LABOR,"Người sử dụng lao động có quyền tạm thời hoặc vĩnh viễn thay đổi vị trí công việc, địa điểm làm việc và mức lương của Người lao động theo nhu cầu sản xuất kinh doanh của Công ty.","Người sử_dụng lao_động có quyền tạm_thời hoặc vĩnh_viễn thay_đổi vị_trí công_việc , địa_điểm làm_việc và mức lương của Người lao_động theo nhu_cầu sản_xuất kinh_doanh của Công_ty .",1.0,SYNTHETIC_GENERATOR,0,1,0,0,0,0,0,0
CLAUSE_0155,LABOR,"Người sử dụng lao động có quyền tạm thời hoặc vĩnh viễn thay đổi vị trí công việc, địa điểm làm việc và mức lương của Người lao động theo nhu cầu sản xuất kinh doanh của Công ty.","Người sử_dụng lao_động có quyền tạm_thời hoặc vĩnh_viễn thay_đổi vị_trí công_việc , địa_điểm làm_việc và mức lương của Người lao_động theo nhu_cầu sản_xuất kinh_doanh của Công_ty .",1.0,SYNTHETIC_GENERATOR,0,1,0,0,0,0,0,0
CLAUSE_0156,LABOR,"Người sử dụng lao động có quyền tạm thời hoặc vĩnh viễn thay đổi vị trí công việc, địa điểm làm việc và mức lương của Người lao động theo nhu cầu sản xuất kinh doanh của Công ty.","Người sử_dụng lao_động có quyền tạm_thời hoặc vĩnh_viễn thay_đổi vị_trí công_việc , địa_điểm làm_việc và mức lương của Người lao_động theo nhu_cầu sản_xuất kinh_doanh của Công_ty .",1.0,SYNTHETIC_GENERATOR,0,1,0,0,0,0,0,0
CLAUSE_0157,LABOR,"Người sử dụng lao động có quyền tạm thời hoặc vĩnh viễn thay đổi vị trí công việc, địa điểm làm việc và mức lương của Người lao động theo nhu cầu sản xuất kinh doanh của Công ty.","Người sử_dụng lao_động có quyền tạm_thời hoặc vĩnh_viễn thay_đổi vị_trí công_việc , địa_điểm làm_việc và mức lương của Người lao_động theo nhu_cầu sản_xuất kinh_doanh của Công_ty .",1.0,SYNTHETIC_GENERATOR,0,1,0,0,0,0,0,0
CLAUSE_0158,LABOR,"Người sử dụng lao động có quyền tạm thời hoặc vĩnh viễn thay đổi vị trí công việc, địa điểm làm việc và mức lương của Người lao động theo nhu cầu sản xuất kinh doanh của Công ty.","Người sử_dụng lao_động có quyền tạm_thời hoặc vĩnh_viễn thay_đổi vị_trí công_việc , địa_điểm làm_việc và mức lương của Người lao_động theo nhu_cầu sản_xuất kinh_doanh của Công_ty .",1.0,SYNTHETIC_GENERATOR,0,1,0,0,0,0,0,0
CLAUSE_0159,LABOR,"Người sử dụng lao động có quyền tạm thời hoặc vĩnh viễn thay đổi vị trí công việc, địa điểm làm việc và mức lương của Người lao động theo nhu cầu sản xuất kinh doanh của Công ty.","Người sử_dụng lao_động có quyền tạm_thời hoặc vĩnh_viễn thay_đổi vị_trí công_việc , địa_điểm làm_việc và mức lương của Người lao_động theo nhu_cầu sản_xuất kinh_doanh của Công_ty .",1.0,SYNTHETIC_GENERATOR,0,1,0,0,0,0,0,0
CLAUSE_0160,LABOR,"Người sử dụng lao động có quyền tạm thời hoặc vĩnh viễn thay đổi vị trí công việc, địa điểm làm việc và mức lương của Người lao động theo nhu cầu sản xuất kinh doanh của Công ty.","Người sử_dụng lao_động có quyền tạm_thời hoặc vĩnh_viễn thay_đổi vị_trí công_việc , địa_điểm làm_việc và mức lương của Người lao_động theo nhu_cầu sản_xuất kinh_doanh của Công_ty .",1.0,SYNTHETIC_GENERATOR,0,1,0,0,0,0,0,0
CLAUSE_0161,LABOR,"Người sử dụng lao động có quyền tạm thời hoặc vĩnh viễn thay đổi vị trí công việc, địa điểm làm việc và mức lương của Người lao động theo nhu cầu sản xuất kinh doanh của Công ty.","Người sử_dụng lao_động có quyền tạm_thời hoặc vĩnh_viễn thay_đổi vị_trí công_việc , địa_điểm làm_việc và mức lương của Người lao_động theo nhu_cầu sản_xuất kinh_doanh của Công_ty .",1.0,SYNTHETIC_GENERATOR,0,1,0,0,0,0,0,0
CLAUSE_0162,SERVICE,"Bên B phải chịu trách nhiệm bồi thường toàn bộ mọi thiệt hại, tổn thất, chi phí phát sinh liên quan trực tiếp hoặc gián tiếp đến hợp đồng này trong mọi trường hợp mà không phụ thuộc vào yếu tố lỗi của các bên.","Bên B phải chịu trách_nhiệm bồi_thường toàn_bộ mọi thiệt_hại , tổn_thất , chi_phí phát_sinh liên_quan trực_tiếp hoặc gián_tiếp đến hợp_đồng này trong mọi trường_hợp mà không phụ_thuộc vào yếu_tố lỗi của các bên .",1.0,SYNTHETIC_GENERATOR,0,0,1,0,0,0,0,0
CLAUSE_0163,SERVICE,"Bên B phải chịu trách nhiệm bồi thường toàn bộ mọi thiệt hại, tổn thất, chi phí phát sinh liên quan trực tiếp hoặc gián tiếp đến hợp đồng này trong mọi trường hợp mà không phụ thuộc vào yếu tố lỗi của các bên.","Bên B phải chịu trách_nhiệm bồi_thường toàn_bộ mọi thiệt_hại , tổn_thất , chi_phí phát_sinh liên_quan trực_tiếp hoặc gián_tiếp đến hợp_đồng này trong mọi trường_hợp mà không phụ_thuộc vào yếu_tố lỗi của các bên .",1.0,SYNTHETIC_GENERATOR,0,0,1,0,0,0,0,0
CLAUSE_0164,SERVICE,"Bên B phải chịu trách nhiệm bồi thường toàn bộ mọi thiệt hại, tổn thất, chi phí phát sinh liên quan trực tiếp hoặc gián tiếp đến hợp đồng này trong mọi trường hợp mà không phụ thuộc vào yếu tố lỗi của các bên.","Bên B phải chịu trách_nhiệm bồi_thường toàn_bộ mọi thiệt_hại , tổn_thất , chi_phí phát_sinh liên_quan trực_tiếp hoặc gián_tiếp đến hợp_đồng này trong mọi trường_hợp mà không phụ_thuộc vào yếu_tố lỗi của các bên .",1.0,SYNTHETIC_GENERATOR,0,0,1,0,0,0,0,0
CLAUSE_0165,SERVICE,"Bên B phải chịu trách nhiệm bồi thường toàn bộ mọi thiệt hại, tổn thất, chi phí phát sinh liên quan trực tiếp hoặc gián tiếp đến hợp đồng này trong mọi trường hợp mà không phụ thuộc vào yếu tố lỗi của các bên.","Bên B phải chịu trách_nhiệm bồi_thường toàn_bộ mọi thiệt_hại , tổn_thất , chi_phí phát_sinh liên_quan trực_tiếp hoặc gián_tiếp đến hợp_đồng này trong mọi trường_hợp mà không phụ_thuộc vào yếu_tố lỗi của các bên .",1.0,SYNTHETIC_GENERATOR,0,0,1,0,0,0,0,0
CLAUSE_0166,SERVICE,"Bên B phải chịu trách nhiệm bồi thường toàn bộ mọi thiệt hại, tổn thất, chi phí phát sinh liên quan trực tiếp hoặc gián tiếp đến hợp đồng này trong mọi trường hợp mà không phụ thuộc vào yếu tố lỗi của các bên.","Bên B phải chịu trách_nhiệm bồi_thường toàn_bộ mọi thiệt_hại , tổn_thất , chi_phí phát_sinh liên_quan trực_tiếp hoặc gián_tiếp đến hợp_đồng này trong mọi trường_hợp mà không phụ_thuộc vào yếu_tố lỗi của các bên .",1.0,SYNTHETIC_GENERATOR,0,0,1,0,0,0,0,0
CLAUSE_0167,SERVICE,"Bên B phải chịu trách nhiệm bồi thường toàn bộ mọi thiệt hại, tổn thất, chi phí phát sinh liên quan trực tiếp hoặc gián tiếp đến hợp đồng này trong mọi trường hợp mà không phụ thuộc vào yếu tố lỗi của các bên.","Bên B phải chịu trách_nhiệm bồi_thường toàn_bộ mọi thiệt_hại , tổn_thất , chi_phí phát_sinh liên_quan trực_tiếp hoặc gián_tiếp đến hợp_đồng này trong mọi trường_hợp mà không phụ_thuộc vào yếu_tố lỗi của các bên .",1.0,SYNTHETIC_GENERATOR,0,0,1,0,0,0,0,0
CLAUSE_0168,SERVICE,"Bên B phải chịu trách nhiệm bồi thường toàn bộ mọi thiệt hại, tổn thất, chi phí phát sinh liên quan trực tiếp hoặc gián tiếp đến hợp đồng này trong mọi trường hợp mà không phụ thuộc vào yếu tố lỗi của các bên.","Bên B phải chịu trách_nhiệm bồi_thường toàn_bộ mọi thiệt_hại , tổn_thất , chi_phí phát_sinh liên_quan trực_tiếp hoặc gián_tiếp đến hợp_đồng này trong mọi trường_hợp mà không phụ_thuộc vào yếu_tố lỗi của các bên .",1.0,SYNTHETIC_GENERATOR,0,0,1,0,0,0,0,0
CLAUSE_0169,SERVICE,"Bên B phải chịu trách nhiệm bồi thường toàn bộ mọi thiệt hại, tổn thất, chi phí phát sinh liên quan trực tiếp hoặc gián tiếp đến hợp đồng này trong mọi trường hợp mà không phụ thuộc vào yếu tố lỗi của các bên.","Bên B phải chịu trách_nhiệm bồi_thường toàn_bộ mọi thiệt_hại , tổn_thất , chi_phí phát_sinh liên_quan trực_tiếp hoặc gián_tiếp đến hợp_đồng này trong mọi trường_hợp mà không phụ_thuộc vào yếu_tố lỗi của các bên .",1.0,SYNTHETIC_GENERATOR,0,0,1,0,0,0,0,0
CLAUSE_0170,SERVICE,"Bên B phải chịu trách nhiệm bồi thường toàn bộ mọi thiệt hại, tổn thất, chi phí phát sinh liên quan trực tiếp hoặc gián tiếp đến hợp đồng này trong mọi trường hợp mà không phụ thuộc vào yếu tố lỗi của các bên.","Bên B phải chịu trách_nhiệm bồi_thường toàn_bộ mọi thiệt_hại , tổn_thất , chi_phí phát_sinh liên_quan trực_tiếp hoặc gián_tiếp đến hợp_đồng này trong mọi trường_hợp mà không phụ_thuộc vào yếu_tố lỗi của các bên .",1.0,SYNTHETIC_GENERATOR,0,0,1,0,0,0,0,0
CLAUSE_0171,SERVICE,"Bên B phải chịu trách nhiệm bồi thường toàn bộ mọi thiệt hại, tổn thất, chi phí phát sinh liên quan trực tiếp hoặc gián tiếp đến hợp đồng này trong mọi trường hợp mà không phụ thuộc vào yếu tố lỗi của các bên.","Bên B phải chịu trách_nhiệm bồi_thường toàn_bộ mọi thiệt_hại , tổn_thất , chi_phí phát_sinh liên_quan trực_tiếp hoặc gián_tiếp đến hợp_đồng này trong mọi trường_hợp mà không phụ_thuộc vào yếu_tố lỗi của các bên .",1.0,SYNTHETIC_GENERATOR,0,0,1,0,0,0,0,0
CLAUSE_0172,SERVICE,"Bên B phải chịu trách nhiệm bồi thường toàn bộ mọi thiệt hại, tổn thất, chi phí phát sinh liên quan trực tiếp hoặc gián tiếp đến hợp đồng này trong mọi trường hợp mà không phụ thuộc vào yếu tố lỗi của các bên.","Bên B phải chịu trách_nhiệm bồi_thường toàn_bộ mọi thiệt_hại , tổn_thất , chi_phí phát_sinh liên_quan trực_tiếp hoặc gián_tiếp đến hợp_đồng này trong mọi trường_hợp mà không phụ_thuộc vào yếu_tố lỗi của các bên .",1.0,SYNTHETIC_GENERATOR,0,0,1,0,0,0,0,0
CLAUSE_0173,SERVICE,"Bên B phải chịu trách nhiệm bồi thường toàn bộ mọi thiệt hại, tổn thất, chi phí phát sinh liên quan trực tiếp hoặc gián tiếp đến hợp đồng này trong mọi trường hợp mà không phụ thuộc vào yếu tố lỗi của các bên.","Bên B phải chịu trách_nhiệm bồi_thường toàn_bộ mọi thiệt_hại , tổn_thất , chi_phí phát_sinh liên_quan trực_tiếp hoặc gián_tiếp đến hợp_đồng này trong mọi trường_hợp mà không phụ_thuộc vào yếu_tố lỗi của các bên .",1.0,SYNTHETIC_GENERATOR,0,0,1,0,0,0,0,0
CLAUSE_0174,SERVICE,"Bên B phải chịu trách nhiệm bồi thường toàn bộ mọi thiệt hại, tổn thất, chi phí phát sinh liên quan trực tiếp hoặc gián tiếp đến hợp đồng này trong mọi trường hợp mà không phụ thuộc vào yếu tố lỗi của các bên.","Bên B phải chịu trách_nhiệm bồi_thường toàn_bộ mọi thiệt_hại , tổn_thất , chi_phí phát_sinh liên_quan trực_tiếp hoặc gián_tiếp đến hợp_đồng này trong mọi trường_hợp mà không phụ_thuộc vào yếu_tố lỗi của các bên .",1.0,SYNTHETIC_GENERATOR,0,0,1,0,0,0,0,0
CLAUSE_0175,SERVICE,"Bên B phải chịu trách nhiệm bồi thường toàn bộ mọi thiệt hại, tổn thất, chi phí phát sinh liên quan trực tiếp hoặc gián tiếp đến hợp đồng này trong mọi trường hợp mà không phụ thuộc vào yếu tố lỗi của các bên.","Bên B phải chịu trách_nhiệm bồi_thường toàn_bộ mọi thiệt_hại , tổn_thất , chi_phí phát_sinh liên_quan trực_tiếp hoặc gián_tiếp đến hợp_đồng này trong mọi trường_hợp mà không phụ_thuộc vào yếu_tố lỗi của các bên .",1.0,SYNTHETIC_GENERATOR,0,0,1,0,0,0,0,0
CLAUSE_0176,SERVICE,"Bên B phải chịu trách nhiệm bồi thường toàn bộ mọi thiệt hại, tổn thất, chi phí phát sinh liên quan trực tiếp hoặc gián tiếp đến hợp đồng này trong mọi trường hợp mà không phụ thuộc vào yếu tố lỗi của các bên.","Bên B phải chịu trách_nhiệm bồi_thường toàn_bộ mọi thiệt_hại , tổn_thất , chi_phí phát_sinh liên_quan trực_tiếp hoặc gián_tiếp đến hợp_đồng này trong mọi trường_hợp mà không phụ_thuộc vào yếu_tố lỗi của các bên .",1.0,SYNTHETIC_GENERATOR,0,0,1,0,0,0,0,0
CLAUSE_0177,IT_OUTSOURCING,"Trong trường hợp xảy ra bất kỳ sự cố kỹ thuật, hư hỏng thiết bị hoặc gián đoạn hệ thống, Bên A hoàn toàn được miễn trừ mọi trách nhiệm bồi thường thiệt hại cho Bên B.","Trong trường_hợp xảy ra bất_kỳ sự_cố kỹ_thuật , hư_hỏng thiết_bị hoặc gián_đoạn hệ_thống , Bên_A hoàn_toàn được miễn_trừ mọi trách_nhiệm bồi_thường thiệt_hại cho Bên B .",1.0,SYNTHETIC_GENERATOR,0,0,1,0,0,0,0,0
CLAUSE_0178,IT_OUTSOURCING,"Trong trường hợp xảy ra bất kỳ sự cố kỹ thuật, hư hỏng thiết bị hoặc gián đoạn hệ thống, Bên A hoàn toàn được miễn trừ mọi trách nhiệm bồi thường thiệt hại cho Bên B.","Trong trường_hợp xảy ra bất_kỳ sự_cố kỹ_thuật , hư_hỏng thiết_bị hoặc gián_đoạn hệ_thống , Bên_A hoàn_toàn được miễn_trừ mọi trách_nhiệm bồi_thường thiệt_hại cho Bên B .",1.0,SYNTHETIC_GENERATOR,0,0,1,0,0,0,0,0
CLAUSE_0179,IT_OUTSOURCING,"Trong trường hợp xảy ra bất kỳ sự cố kỹ thuật, hư hỏng thiết bị hoặc gián đoạn hệ thống, Bên A hoàn toàn được miễn trừ mọi trách nhiệm bồi thường thiệt hại cho Bên B.","Trong trường_hợp xảy ra bất_kỳ sự_cố kỹ_thuật , hư_hỏng thiết_bị hoặc gián_đoạn hệ_thống , Bên_A hoàn_toàn được miễn_trừ mọi trách_nhiệm bồi_thường thiệt_hại cho Bên B .",1.0,SYNTHETIC_GENERATOR,0,0,1,0,0,0,0,0
CLAUSE_0180,IT_OUTSOURCING,"Trong trường hợp xảy ra bất kỳ sự cố kỹ thuật, hư hỏng thiết bị hoặc gián đoạn hệ thống, Bên A hoàn toàn được miễn trừ mọi trách nhiệm bồi thường thiệt hại cho Bên B.","Trong trường_hợp xảy ra bất_kỳ sự_cố kỹ_thuật , hư_hỏng thiết_bị hoặc gián_đoạn hệ_thống , Bên_A hoàn_toàn được miễn_trừ mọi trách_nhiệm bồi_thường thiệt_hại cho Bên B .",1.0,SYNTHETIC_GENERATOR,0,0,1,0,0,0,0,0
CLAUSE_0181,IT_OUTSOURCING,"Trong trường hợp xảy ra bất kỳ sự cố kỹ thuật, hư hỏng thiết bị hoặc gián đoạn hệ thống, Bên A hoàn toàn được miễn trừ mọi trách nhiệm bồi thường thiệt hại cho Bên B.","Trong trường_hợp xảy ra bất_kỳ sự_cố kỹ_thuật , hư_hỏng thiết_bị hoặc gián_đoạn hệ_thống , Bên_A hoàn_toàn được miễn_trừ mọi trách_nhiệm bồi_thường thiệt_hại cho Bên B .",1.0,SYNTHETIC_GENERATOR,0,0,1,0,0,0,0,0
CLAUSE_0182,IT_OUTSOURCING,"Trong trường hợp xảy ra bất kỳ sự cố kỹ thuật, hư hỏng thiết bị hoặc gián đoạn hệ thống, Bên A hoàn toàn được miễn trừ mọi trách nhiệm bồi thường thiệt hại cho Bên B.","Trong trường_hợp xảy ra bất_kỳ sự_cố kỹ_thuật , hư_hỏng thiết_bị hoặc gián_đoạn hệ_thống , Bên_A hoàn_toàn được miễn_trừ mọi trách_nhiệm bồi_thường thiệt_hại cho Bên B .",1.0,SYNTHETIC_GENERATOR,0,0,1,0,0,0,0,0
CLAUSE_0183,IT_OUTSOURCING,"Trong trường hợp xảy ra bất kỳ sự cố kỹ thuật, hư hỏng thiết bị hoặc gián đoạn hệ thống, Bên A hoàn toàn được miễn trừ mọi trách nhiệm bồi thường thiệt hại cho Bên B.","Trong trường_hợp xảy ra bất_kỳ sự_cố kỹ_thuật , hư_hỏng thiết_bị hoặc gián_đoạn hệ_thống , Bên_A hoàn_toàn được miễn_trừ mọi trách_nhiệm bồi_thường thiệt_hại cho Bên B .",1.0,SYNTHETIC_GENERATOR,0,0,1,0,0,0,0,0
CLAUSE_0184,IT_OUTSOURCING,"Trong trường hợp xảy ra bất kỳ sự cố kỹ thuật, hư hỏng thiết bị hoặc gián đoạn hệ thống, Bên A hoàn toàn được miễn trừ mọi trách nhiệm bồi thường thiệt hại cho Bên B.","Trong trường_hợp xảy ra bất_kỳ sự_cố kỹ_thuật , hư_hỏng thiết_bị hoặc gián_đoạn hệ_thống , Bên_A hoàn_toàn được miễn_trừ mọi trách_nhiệm bồi_thường thiệt_hại cho Bên B .",1.0,SYNTHETIC_GENERATOR,0,0,1,0,0,0,0,0
CLAUSE_0185,IT_OUTSOURCING,"Trong trường hợp xảy ra bất kỳ sự cố kỹ thuật, hư hỏng thiết bị hoặc gián đoạn hệ thống, Bên A hoàn toàn được miễn trừ mọi trách nhiệm bồi thường thiệt hại cho Bên B.","Trong trường_hợp xảy ra bất_kỳ sự_cố kỹ_thuật , hư_hỏng thiết_bị hoặc gián_đoạn hệ_thống , Bên_A hoàn_toàn được miễn_trừ mọi trách_nhiệm bồi_thường thiệt_hại cho Bên B .",1.0,SYNTHETIC_GENERATOR,0,0,1,0,0,0,0,0
CLAUSE_0186,IT_OUTSOURCING,"Trong trường hợp xảy ra bất kỳ sự cố kỹ thuật, hư hỏng thiết bị hoặc gián đoạn hệ thống, Bên A hoàn toàn được miễn trừ mọi trách nhiệm bồi thường thiệt hại cho Bên B.","Trong trường_hợp xảy ra bất_kỳ sự_cố kỹ_thuật , hư_hỏng thiết_bị hoặc gián_đoạn hệ_thống , Bên_A hoàn_toàn được miễn_trừ mọi trách_nhiệm bồi_thường thiệt_hại cho Bên B .",1.0,SYNTHETIC_GENERATOR,0,0,1,0,0,0,0,0
CLAUSE_0187,IT_OUTSOURCING,"Trong trường hợp xảy ra bất kỳ sự cố kỹ thuật, hư hỏng thiết bị hoặc gián đoạn hệ thống, Bên A hoàn toàn được miễn trừ mọi trách nhiệm bồi thường thiệt hại cho Bên B.","Trong trường_hợp xảy ra bất_kỳ sự_cố kỹ_thuật , hư_hỏng thiết_bị hoặc gián_đoạn hệ_thống , Bên_A hoàn_toàn được miễn_trừ mọi trách_nhiệm bồi_thường thiệt_hại cho Bên B .",1.0,SYNTHETIC_GENERATOR,0,0,1,0,0,0,0,0
CLAUSE_0188,IT_OUTSOURCING,"Trong trường hợp xảy ra bất kỳ sự cố kỹ thuật, hư hỏng thiết bị hoặc gián đoạn hệ thống, Bên A hoàn toàn được miễn trừ mọi trách nhiệm bồi thường thiệt hại cho Bên B.","Trong trường_hợp xảy ra bất_kỳ sự_cố kỹ_thuật , hư_hỏng thiết_bị hoặc gián_đoạn hệ_thống , Bên_A hoàn_toàn được miễn_trừ mọi trách_nhiệm bồi_thường thiệt_hại cho Bên B .",1.0,SYNTHETIC_GENERATOR,0,0,1,0,0,0,0,0
CLAUSE_0189,IT_OUTSOURCING,"Trong trường hợp xảy ra bất kỳ sự cố kỹ thuật, hư hỏng thiết bị hoặc gián đoạn hệ thống, Bên A hoàn toàn được miễn trừ mọi trách nhiệm bồi thường thiệt hại cho Bên B.","Trong trường_hợp xảy ra bất_kỳ sự_cố kỹ_thuật , hư_hỏng thiết_bị hoặc gián_đoạn hệ_thống , Bên_A hoàn_toàn được miễn_trừ mọi trách_nhiệm bồi_thường thiệt_hại cho Bên B .",1.0,SYNTHETIC_GENERATOR,0,0,1,0,0,0,0,0
CLAUSE_0190,IT_OUTSOURCING,"Trong trường hợp xảy ra bất kỳ sự cố kỹ thuật, hư hỏng thiết bị hoặc gián đoạn hệ thống, Bên A hoàn toàn được miễn trừ mọi trách nhiệm bồi thường thiệt hại cho Bên B.","Trong trường_hợp xảy ra bất_kỳ sự_cố kỹ_thuật , hư_hỏng thiết_bị hoặc gián_đoạn hệ_thống , Bên_A hoàn_toàn được miễn_trừ mọi trách_nhiệm bồi_thường thiệt_hại cho Bên B .",1.0,SYNTHETIC_GENERATOR,0,0,1,0,0,0,0,0
CLAUSE_0191,IT_OUTSOURCING,"Trong trường hợp xảy ra bất kỳ sự cố kỹ thuật, hư hỏng thiết bị hoặc gián đoạn hệ thống, Bên A hoàn toàn được miễn trừ mọi trách nhiệm bồi thường thiệt hại cho Bên B.","Trong trường_hợp xảy ra bất_kỳ sự_cố kỹ_thuật , hư_hỏng thiết_bị hoặc gián_đoạn hệ_thống , Bên_A hoàn_toàn được miễn_trừ mọi trách_nhiệm bồi_thường thiệt_hại cho Bên B .",1.0,SYNTHETIC_GENERATOR,0,0,1,0,0,0,0,0
CLAUSE_0192,SALES,"Hai bên cam kết thực hiện đúng các điều khoản trong hợp đồng trên tinh thần hợp tác, tôn trọng và hỗ trợ lẫn nhau cùng phát triển.","Hai bên cam_kết thực_hiện đúng các điều_khoản trong hợp_đồng trên tinh_thần hợp_tác , tôn_trọng và hỗ_trợ lẫn nhau cùng phát_triển .",1.0,SYNTHETIC_GENERATOR,0,0,0,1,0,0,0,0
CLAUSE_0193,SALES,"Hai bên cam kết thực hiện đúng các điều khoản trong hợp đồng trên tinh thần hợp tác, tôn trọng và hỗ trợ lẫn nhau cùng phát triển.","Hai bên cam_kết thực_hiện đúng các điều_khoản trong hợp_đồng trên tinh_thần hợp_tác , tôn_trọng và hỗ_trợ lẫn nhau cùng phát_triển .",1.0,SYNTHETIC_GENERATOR,0,0,0,1,0,0,0,0
CLAUSE_0194,SALES,"Hai bên cam kết thực hiện đúng các điều khoản trong hợp đồng trên tinh thần hợp tác, tôn trọng và hỗ trợ lẫn nhau cùng phát triển.","Hai bên cam_kết thực_hiện đúng các điều_khoản trong hợp_đồng trên tinh_thần hợp_tác , tôn_trọng và hỗ_trợ lẫn nhau cùng phát_triển .",1.0,SYNTHETIC_GENERATOR,0,0,0,1,0,0,0,0
CLAUSE_0195,SALES,"Hai bên cam kết thực hiện đúng các điều khoản trong hợp đồng trên tinh thần hợp tác, tôn trọng và hỗ trợ lẫn nhau cùng phát triển.","Hai bên cam_kết thực_hiện đúng các điều_khoản trong hợp_đồng trên tinh_thần hợp_tác , tôn_trọng và hỗ_trợ lẫn nhau cùng phát_triển .",1.0,SYNTHETIC_GENERATOR,0,0,0,1,0,0,0,0
CLAUSE_0196,SALES,"Hai bên cam kết thực hiện đúng các điều khoản trong hợp đồng trên tinh thần hợp tác, tôn trọng và hỗ trợ lẫn nhau cùng phát triển.","Hai bên cam_kết thực_hiện đúng các điều_khoản trong hợp_đồng trên tinh_thần hợp_tác , tôn_trọng và hỗ_trợ lẫn nhau cùng phát_triển .",1.0,SYNTHETIC_GENERATOR,0,0,0,1,0,0,0,0
CLAUSE_0197,SALES,"Hai bên cam kết thực hiện đúng các điều khoản trong hợp đồng trên tinh thần hợp tác, tôn trọng và hỗ trợ lẫn nhau cùng phát triển.","Hai bên cam_kết thực_hiện đúng các điều_khoản trong hợp_đồng trên tinh_thần hợp_tác , tôn_trọng và hỗ_trợ lẫn nhau cùng phát_triển .",1.0,SYNTHETIC_GENERATOR,0,0,0,1,0,0,0,0
CLAUSE_0198,SALES,"Hai bên cam kết thực hiện đúng các điều khoản trong hợp đồng trên tinh thần hợp tác, tôn trọng và hỗ trợ lẫn nhau cùng phát triển.","Hai bên cam_kết thực_hiện đúng các điều_khoản trong hợp_đồng trên tinh_thần hợp_tác , tôn_trọng và hỗ_trợ lẫn nhau cùng phát_triển .",1.0,SYNTHETIC_GENERATOR,0,0,0,1,0,0,0,0
CLAUSE_0199,SALES,"Hai bên cam kết thực hiện đúng các điều khoản trong hợp đồng trên tinh thần hợp tác, tôn trọng và hỗ trợ lẫn nhau cùng phát triển.","Hai bên cam_kết thực_hiện đúng các điều_khoản trong hợp_đồng trên tinh_thần hợp_tác , tôn_trọng và hỗ_trợ lẫn nhau cùng phát_triển .",1.0,SYNTHETIC_GENERATOR,0,0,0,1,0,0,0,0
CLAUSE_0200,SALES,"Hai bên cam kết thực hiện đúng các điều khoản trong hợp đồng trên tinh thần hợp tác, tôn trọng và hỗ trợ lẫn nhau cùng phát triển.","Hai bên cam_kết thực_hiện đúng các điều_khoản trong hợp_đồng trên tinh_thần hợp_tác , tôn_trọng và hỗ_trợ lẫn nhau cùng phát_triển .",1.0,SYNTHETIC_GENERATOR,0,0,0,1,0,0,0,0
CLAUSE_0201,SALES,"Hai bên cam kết thực hiện đúng các điều khoản trong hợp đồng trên tinh thần hợp tác, tôn trọng và hỗ trợ lẫn nhau cùng phát triển.","Hai bên cam_kết thực_hiện đúng các điều_khoản trong hợp_đồng trên tinh_thần hợp_tác , tôn_trọng và hỗ_trợ lẫn nhau cùng phát_triển .",1.0,SYNTHETIC_GENERATOR,0,0,0,1,0,0,0,0
CLAUSE_0202,SALES,"Hai bên cam kết thực hiện đúng các điều khoản trong hợp đồng trên tinh thần hợp tác, tôn trọng và hỗ trợ lẫn nhau cùng phát triển.","Hai bên cam_kết thực_hiện đúng các điều_khoản trong hợp_đồng trên tinh_thần hợp_tác , tôn_trọng và hỗ_trợ lẫn nhau cùng phát_triển .",1.0,SYNTHETIC_GENERATOR,0,0,0,1,0,0,0,0
CLAUSE_0203,SALES,"Hai bên cam kết thực hiện đúng các điều khoản trong hợp đồng trên tinh thần hợp tác, tôn trọng và hỗ trợ lẫn nhau cùng phát triển.","Hai bên cam_kết thực_hiện đúng các điều_khoản trong hợp_đồng trên tinh_thần hợp_tác , tôn_trọng và hỗ_trợ lẫn nhau cùng phát_triển .",1.0,SYNTHETIC_GENERATOR,0,0,0,1,0,0,0,0
CLAUSE_0204,SALES,"Hai bên cam kết thực hiện đúng các điều khoản trong hợp đồng trên tinh thần hợp tác, tôn trọng và hỗ trợ lẫn nhau cùng phát triển.","Hai bên cam_kết thực_hiện đúng các điều_khoản trong hợp_đồng trên tinh_thần hợp_tác , tôn_trọng và hỗ_trợ lẫn nhau cùng phát_triển .",1.0,SYNTHETIC_GENERATOR,0,0,0,1,0,0,0,0
CLAUSE_0205,SALES,"Hai bên cam kết thực hiện đúng các điều khoản trong hợp đồng trên tinh thần hợp tác, tôn trọng và hỗ trợ lẫn nhau cùng phát triển.","Hai bên cam_kết thực_hiện đúng các điều_khoản trong hợp_đồng trên tinh_thần hợp_tác , tôn_trọng và hỗ_trợ lẫn nhau cùng phát_triển .",1.0,SYNTHETIC_GENERATOR,0,0,0,1,0,0,0,0
CLAUSE_0206,SALES,"Hai bên cam kết thực hiện đúng các điều khoản trong hợp đồng trên tinh thần hợp tác, tôn trọng và hỗ trợ lẫn nhau cùng phát triển.","Hai bên cam_kết thực_hiện đúng các điều_khoản trong hợp_đồng trên tinh_thần hợp_tác , tôn_trọng và hỗ_trợ lẫn nhau cùng phát_triển .",1.0,SYNTHETIC_GENERATOR,0,0,0,1,0,0,0,0
CLAUSE_0207,LEASE,Mọi vấn đề phát sinh sẽ được hai bên cùng nhau bàn bạc giải quyết trên tinh thần nội bộ hòa giải.,Mọi vấn_đề phát_sinh sẽ được hai bên cùng nhau bàn_bạc giải_quyết trên tinh_thần nội_bộ hòa giải .,1.0,SYNTHETIC_GENERATOR,0,0,0,1,0,0,0,0
CLAUSE_0208,LEASE,Mọi vấn đề phát sinh sẽ được hai bên cùng nhau bàn bạc giải quyết trên tinh thần nội bộ hòa giải.,Mọi vấn_đề phát_sinh sẽ được hai bên cùng nhau bàn_bạc giải_quyết trên tinh_thần nội_bộ hòa giải .,1.0,SYNTHETIC_GENERATOR,0,0,0,1,0,0,0,0
CLAUSE_0209,LEASE,Mọi vấn đề phát sinh sẽ được hai bên cùng nhau bàn bạc giải quyết trên tinh thần nội bộ hòa giải.,Mọi vấn_đề phát_sinh sẽ được hai bên cùng nhau bàn_bạc giải_quyết trên tinh_thần nội_bộ hòa giải .,1.0,SYNTHETIC_GENERATOR,0,0,0,1,0,0,0,0
CLAUSE_0210,LEASE,Mọi vấn đề phát sinh sẽ được hai bên cùng nhau bàn bạc giải quyết trên tinh thần nội bộ hòa giải.,Mọi vấn_đề phát_sinh sẽ được hai bên cùng nhau bàn_bạc giải_quyết trên tinh_thần nội_bộ hòa giải .,1.0,SYNTHETIC_GENERATOR,0,0,0,1,0,0,0,0
CLAUSE_0211,LEASE,Mọi vấn đề phát sinh sẽ được hai bên cùng nhau bàn bạc giải quyết trên tinh thần nội bộ hòa giải.,Mọi vấn_đề phát_sinh sẽ được hai bên cùng nhau bàn_bạc giải_quyết trên tinh_thần nội_bộ hòa giải .,1.0,SYNTHETIC_GENERATOR,0,0,0,1,0,0,0,0
CLAUSE_0212,LEASE,Mọi vấn đề phát sinh sẽ được hai bên cùng nhau bàn bạc giải quyết trên tinh thần nội bộ hòa giải.,Mọi vấn_đề phát_sinh sẽ được hai bên cùng nhau bàn_bạc giải_quyết trên tinh_thần nội_bộ hòa giải .,1.0,SYNTHETIC_GENERATOR,0,0,0,1,0,0,0,0
CLAUSE_0213,LEASE,Mọi vấn đề phát sinh sẽ được hai bên cùng nhau bàn bạc giải quyết trên tinh thần nội bộ hòa giải.,Mọi vấn_đề phát_sinh sẽ được hai bên cùng nhau bàn_bạc giải_quyết trên tinh_thần nội_bộ hòa giải .,1.0,SYNTHETIC_GENERATOR,0,0,0,1,0,0,0,0
CLAUSE_0214,LEASE,Mọi vấn đề phát sinh sẽ được hai bên cùng nhau bàn bạc giải quyết trên tinh thần nội bộ hòa giải.,Mọi vấn_đề phát_sinh sẽ được hai bên cùng nhau bàn_bạc giải_quyết trên tinh_thần nội_bộ hòa giải .,1.0,SYNTHETIC_GENERATOR,0,0,0,1,0,0,0,0
CLAUSE_0215,LEASE,Mọi vấn đề phát sinh sẽ được hai bên cùng nhau bàn bạc giải quyết trên tinh thần nội bộ hòa giải.,Mọi vấn_đề phát_sinh sẽ được hai bên cùng nhau bàn_bạc giải_quyết trên tinh_thần nội_bộ hòa giải .,1.0,SYNTHETIC_GENERATOR,0,0,0,1,0,0,0,0
CLAUSE_0216,LEASE,Mọi vấn đề phát sinh sẽ được hai bên cùng nhau bàn bạc giải quyết trên tinh thần nội bộ hòa giải.,Mọi vấn_đề phát_sinh sẽ được hai bên cùng nhau bàn_bạc giải_quyết trên tinh_thần nội_bộ hòa giải .,1.0,SYNTHETIC_GENERATOR,0,0,0,1,0,0,0,0
CLAUSE_0217,LEASE,Mọi vấn đề phát sinh sẽ được hai bên cùng nhau bàn bạc giải quyết trên tinh thần nội bộ hòa giải.,Mọi vấn_đề phát_sinh sẽ được hai bên cùng nhau bàn_bạc giải_quyết trên tinh_thần nội_bộ hòa giải .,1.0,SYNTHETIC_GENERATOR,0,0,0,1,0,0,0,0
CLAUSE_0218,LEASE,Mọi vấn đề phát sinh sẽ được hai bên cùng nhau bàn bạc giải quyết trên tinh thần nội bộ hòa giải.,Mọi vấn_đề phát_sinh sẽ được hai bên cùng nhau bàn_bạc giải_quyết trên tinh_thần nội_bộ hòa giải .,1.0,SYNTHETIC_GENERATOR,0,0,0,1,0,0,0,0
CLAUSE_0219,LEASE,Mọi vấn đề phát sinh sẽ được hai bên cùng nhau bàn bạc giải quyết trên tinh thần nội bộ hòa giải.,Mọi vấn_đề phát_sinh sẽ được hai bên cùng nhau bàn_bạc giải_quyết trên tinh_thần nội_bộ hòa giải .,1.0,SYNTHETIC_GENERATOR,0,0,0,1,0,0,0,0
CLAUSE_0220,LEASE,Mọi vấn đề phát sinh sẽ được hai bên cùng nhau bàn bạc giải quyết trên tinh thần nội bộ hòa giải.,Mọi vấn_đề phát_sinh sẽ được hai bên cùng nhau bàn_bạc giải_quyết trên tinh_thần nội_bộ hòa giải .,1.0,SYNTHETIC_GENERATOR,0,0,0,1,0,0,0,0
CLAUSE_0221,LEASE,Mọi vấn đề phát sinh sẽ được hai bên cùng nhau bàn bạc giải quyết trên tinh thần nội bộ hòa giải.,Mọi vấn_đề phát_sinh sẽ được hai bên cùng nhau bàn_bạc giải_quyết trên tinh_thần nội_bộ hòa giải .,1.0,SYNTHETIC_GENERATOR,0,0,0,1,0,0,0,0
CLAUSE_0222,SERVICE,"Bên A toàn quyền thu thập, lưu trữ, khai thác, phân tích, định danh và chia sẻ toàn bộ dữ liệu cá nhân, thông tin sinh trắc học, tài chính và lịch sử giao dịch của Bên B cho bất kỳ bên thứ ba nào mà không cần xin phép.","Bên A toàn_quyền thu_thập , lưu_trữ , khai_thác , phân_tích , định_danh và chia_sẻ toàn_bộ dữ_liệu cá_nhân , thông_tin sinh trắc_học , tài_chính và lịch_sử giao_dịch của Bên B cho bất_kỳ bên thứ ba nào mà không cần xin phép .",1.0,SYNTHETIC_GENERATOR,0,0,0,0,1,0,0,0
CLAUSE_0223,SERVICE,"Bên A toàn quyền thu thập, lưu trữ, khai thác, phân tích, định danh và chia sẻ toàn bộ dữ liệu cá nhân, thông tin sinh trắc học, tài chính và lịch sử giao dịch của Bên B cho bất kỳ bên thứ ba nào mà không cần xin phép.","Bên A toàn_quyền thu_thập , lưu_trữ , khai_thác , phân_tích , định_danh và chia_sẻ toàn_bộ dữ_liệu cá_nhân , thông_tin sinh trắc_học , tài_chính và lịch_sử giao_dịch của Bên B cho bất_kỳ bên thứ ba nào mà không cần xin phép .",1.0,SYNTHETIC_GENERATOR,0,0,0,0,1,0,0,0
CLAUSE_0224,SERVICE,"Bên A toàn quyền thu thập, lưu trữ, khai thác, phân tích, định danh và chia sẻ toàn bộ dữ liệu cá nhân, thông tin sinh trắc học, tài chính và lịch sử giao dịch của Bên B cho bất kỳ bên thứ ba nào mà không cần xin phép.","Bên A toàn_quyền thu_thập , lưu_trữ , khai_thác , phân_tích , định_danh và chia_sẻ toàn_bộ dữ_liệu cá_nhân , thông_tin sinh trắc_học , tài_chính và lịch_sử giao_dịch của Bên B cho bất_kỳ bên thứ ba nào mà không cần xin phép .",1.0,SYNTHETIC_GENERATOR,0,0,0,0,1,0,0,0
CLAUSE_0225,SERVICE,"Bên A toàn quyền thu thập, lưu trữ, khai thác, phân tích, định danh và chia sẻ toàn bộ dữ liệu cá nhân, thông tin sinh trắc học, tài chính và lịch sử giao dịch của Bên B cho bất kỳ bên thứ ba nào mà không cần xin phép.","Bên A toàn_quyền thu_thập , lưu_trữ , khai_thác , phân_tích , định_danh và chia_sẻ toàn_bộ dữ_liệu cá_nhân , thông_tin sinh trắc_học , tài_chính và lịch_sử giao_dịch của Bên B cho bất_kỳ bên thứ ba nào mà không cần xin phép .",1.0,SYNTHETIC_GENERATOR,0,0,0,0,1,0,0,0
CLAUSE_0226,SERVICE,"Bên A toàn quyền thu thập, lưu trữ, khai thác, phân tích, định danh và chia sẻ toàn bộ dữ liệu cá nhân, thông tin sinh trắc học, tài chính và lịch sử giao dịch của Bên B cho bất kỳ bên thứ ba nào mà không cần xin phép.","Bên A toàn_quyền thu_thập , lưu_trữ , khai_thác , phân_tích , định_danh và chia_sẻ toàn_bộ dữ_liệu cá_nhân , thông_tin sinh trắc_học , tài_chính và lịch_sử giao_dịch của Bên B cho bất_kỳ bên thứ ba nào mà không cần xin phép .",1.0,SYNTHETIC_GENERATOR,0,0,0,0,1,0,0,0
CLAUSE_0227,SERVICE,"Bên A toàn quyền thu thập, lưu trữ, khai thác, phân tích, định danh và chia sẻ toàn bộ dữ liệu cá nhân, thông tin sinh trắc học, tài chính và lịch sử giao dịch của Bên B cho bất kỳ bên thứ ba nào mà không cần xin phép.","Bên A toàn_quyền thu_thập , lưu_trữ , khai_thác , phân_tích , định_danh và chia_sẻ toàn_bộ dữ_liệu cá_nhân , thông_tin sinh trắc_học , tài_chính và lịch_sử giao_dịch của Bên B cho bất_kỳ bên thứ ba nào mà không cần xin phép .",1.0,SYNTHETIC_GENERATOR,0,0,0,0,1,0,0,0
CLAUSE_0228,SERVICE,"Bên A toàn quyền thu thập, lưu trữ, khai thác, phân tích, định danh và chia sẻ toàn bộ dữ liệu cá nhân, thông tin sinh trắc học, tài chính và lịch sử giao dịch của Bên B cho bất kỳ bên thứ ba nào mà không cần xin phép.","Bên A toàn_quyền thu_thập , lưu_trữ , khai_thác , phân_tích , định_danh và chia_sẻ toàn_bộ dữ_liệu cá_nhân , thông_tin sinh trắc_học , tài_chính và lịch_sử giao_dịch của Bên B cho bất_kỳ bên thứ ba nào mà không cần xin phép .",1.0,SYNTHETIC_GENERATOR,0,0,0,0,1,0,0,0
CLAUSE_0229,SERVICE,"Bên A toàn quyền thu thập, lưu trữ, khai thác, phân tích, định danh và chia sẻ toàn bộ dữ liệu cá nhân, thông tin sinh trắc học, tài chính và lịch sử giao dịch của Bên B cho bất kỳ bên thứ ba nào mà không cần xin phép.","Bên A toàn_quyền thu_thập , lưu_trữ , khai_thác , phân_tích , định_danh và chia_sẻ toàn_bộ dữ_liệu cá_nhân , thông_tin sinh trắc_học , tài_chính và lịch_sử giao_dịch của Bên B cho bất_kỳ bên thứ ba nào mà không cần xin phép .",1.0,SYNTHETIC_GENERATOR,0,0,0,0,1,0,0,0
CLAUSE_0230,SERVICE,"Bên A toàn quyền thu thập, lưu trữ, khai thác, phân tích, định danh và chia sẻ toàn bộ dữ liệu cá nhân, thông tin sinh trắc học, tài chính và lịch sử giao dịch của Bên B cho bất kỳ bên thứ ba nào mà không cần xin phép.","Bên A toàn_quyền thu_thập , lưu_trữ , khai_thác , phân_tích , định_danh và chia_sẻ toàn_bộ dữ_liệu cá_nhân , thông_tin sinh trắc_học , tài_chính và lịch_sử giao_dịch của Bên B cho bất_kỳ bên thứ ba nào mà không cần xin phép .",1.0,SYNTHETIC_GENERATOR,0,0,0,0,1,0,0,0
CLAUSE_0231,SERVICE,"Bên A toàn quyền thu thập, lưu trữ, khai thác, phân tích, định danh và chia sẻ toàn bộ dữ liệu cá nhân, thông tin sinh trắc học, tài chính và lịch sử giao dịch của Bên B cho bất kỳ bên thứ ba nào mà không cần xin phép.","Bên A toàn_quyền thu_thập , lưu_trữ , khai_thác , phân_tích , định_danh và chia_sẻ toàn_bộ dữ_liệu cá_nhân , thông_tin sinh trắc_học , tài_chính và lịch_sử giao_dịch của Bên B cho bất_kỳ bên thứ ba nào mà không cần xin phép .",1.0,SYNTHETIC_GENERATOR,0,0,0,0,1,0,0,0
CLAUSE_0232,SERVICE,"Bên A toàn quyền thu thập, lưu trữ, khai thác, phân tích, định danh và chia sẻ toàn bộ dữ liệu cá nhân, thông tin sinh trắc học, tài chính và lịch sử giao dịch của Bên B cho bất kỳ bên thứ ba nào mà không cần xin phép.","Bên A toàn_quyền thu_thập , lưu_trữ , khai_thác , phân_tích , định_danh và chia_sẻ toàn_bộ dữ_liệu cá_nhân , thông_tin sinh trắc_học , tài_chính và lịch_sử giao_dịch của Bên B cho bất_kỳ bên thứ ba nào mà không cần xin phép .",1.0,SYNTHETIC_GENERATOR,0,0,0,0,1,0,0,0
CLAUSE_0233,SERVICE,"Bên A toàn quyền thu thập, lưu trữ, khai thác, phân tích, định danh và chia sẻ toàn bộ dữ liệu cá nhân, thông tin sinh trắc học, tài chính và lịch sử giao dịch của Bên B cho bất kỳ bên thứ ba nào mà không cần xin phép.","Bên A toàn_quyền thu_thập , lưu_trữ , khai_thác , phân_tích , định_danh và chia_sẻ toàn_bộ dữ_liệu cá_nhân , thông_tin sinh trắc_học , tài_chính và lịch_sử giao_dịch của Bên B cho bất_kỳ bên thứ ba nào mà không cần xin phép .",1.0,SYNTHETIC_GENERATOR,0,0,0,0,1,0,0,0
CLAUSE_0234,SERVICE,"Bên A toàn quyền thu thập, lưu trữ, khai thác, phân tích, định danh và chia sẻ toàn bộ dữ liệu cá nhân, thông tin sinh trắc học, tài chính và lịch sử giao dịch của Bên B cho bất kỳ bên thứ ba nào mà không cần xin phép.","Bên A toàn_quyền thu_thập , lưu_trữ , khai_thác , phân_tích , định_danh và chia_sẻ toàn_bộ dữ_liệu cá_nhân , thông_tin sinh trắc_học , tài_chính và lịch_sử giao_dịch của Bên B cho bất_kỳ bên thứ ba nào mà không cần xin phép .",1.0,SYNTHETIC_GENERATOR,0,0,0,0,1,0,0,0
CLAUSE_0235,SERVICE,"Bên A toàn quyền thu thập, lưu trữ, khai thác, phân tích, định danh và chia sẻ toàn bộ dữ liệu cá nhân, thông tin sinh trắc học, tài chính và lịch sử giao dịch của Bên B cho bất kỳ bên thứ ba nào mà không cần xin phép.","Bên A toàn_quyền thu_thập , lưu_trữ , khai_thác , phân_tích , định_danh và chia_sẻ toàn_bộ dữ_liệu cá_nhân , thông_tin sinh trắc_học , tài_chính và lịch_sử giao_dịch của Bên B cho bất_kỳ bên thứ ba nào mà không cần xin phép .",1.0,SYNTHETIC_GENERATOR,0,0,0,0,1,0,0,0
CLAUSE_0236,SERVICE,"Bên A toàn quyền thu thập, lưu trữ, khai thác, phân tích, định danh và chia sẻ toàn bộ dữ liệu cá nhân, thông tin sinh trắc học, tài chính và lịch sử giao dịch của Bên B cho bất kỳ bên thứ ba nào mà không cần xin phép.","Bên A toàn_quyền thu_thập , lưu_trữ , khai_thác , phân_tích , định_danh và chia_sẻ toàn_bộ dữ_liệu cá_nhân , thông_tin sinh trắc_học , tài_chính và lịch_sử giao_dịch của Bên B cho bất_kỳ bên thứ ba nào mà không cần xin phép .",1.0,SYNTHETIC_GENERATOR,0,0,0,0,1,0,0,0
CLAUSE_0237,LABOR,"Người lao động đồng ý cho Công ty quyền thu thập, mua bán, chuyển nhượng và thương mại hóa toàn bộ dữ liệu cá nhân, hình ảnh và vị trí địa lý của Người lao động cho đối tác bên ngoài.","Người lao_động đồng_ý cho Công_ty quyền thu_thập , mua_bán , chuyển_nhượng và thương_mại hóa toàn_bộ dữ_liệu cá_nhân , hình_ảnh và vị_trí địa_lý của Người lao_động cho đối_tác bên ngoài .",1.0,SYNTHETIC_GENERATOR,0,0,0,0,1,0,0,0
CLAUSE_0238,LABOR,"Người lao động đồng ý cho Công ty quyền thu thập, mua bán, chuyển nhượng và thương mại hóa toàn bộ dữ liệu cá nhân, hình ảnh và vị trí địa lý của Người lao động cho đối tác bên ngoài.","Người lao_động đồng_ý cho Công_ty quyền thu_thập , mua_bán , chuyển_nhượng và thương_mại hóa toàn_bộ dữ_liệu cá_nhân , hình_ảnh và vị_trí địa_lý của Người lao_động cho đối_tác bên ngoài .",1.0,SYNTHETIC_GENERATOR,0,0,0,0,1,0,0,0
CLAUSE_0239,LABOR,"Người lao động đồng ý cho Công ty quyền thu thập, mua bán, chuyển nhượng và thương mại hóa toàn bộ dữ liệu cá nhân, hình ảnh và vị trí địa lý của Người lao động cho đối tác bên ngoài.","Người lao_động đồng_ý cho Công_ty quyền thu_thập , mua_bán , chuyển_nhượng và thương_mại hóa toàn_bộ dữ_liệu cá_nhân , hình_ảnh và vị_trí địa_lý của Người lao_động cho đối_tác bên ngoài .",1.0,SYNTHETIC_GENERATOR,0,0,0,0,1,0,0,0
CLAUSE_0240,LABOR,"Người lao động đồng ý cho Công ty quyền thu thập, mua bán, chuyển nhượng và thương mại hóa toàn bộ dữ liệu cá nhân, hình ảnh và vị trí địa lý của Người lao động cho đối tác bên ngoài.","Người lao_động đồng_ý cho Công_ty quyền thu_thập , mua_bán , chuyển_nhượng và thương_mại hóa toàn_bộ dữ_liệu cá_nhân , hình_ảnh và vị_trí địa_lý của Người lao_động cho đối_tác bên ngoài .",1.0,SYNTHETIC_GENERATOR,0,0,0,0,1,0,0,0
CLAUSE_0241,LABOR,"Người lao động đồng ý cho Công ty quyền thu thập, mua bán, chuyển nhượng và thương mại hóa toàn bộ dữ liệu cá nhân, hình ảnh và vị trí địa lý của Người lao động cho đối tác bên ngoài.","Người lao_động đồng_ý cho Công_ty quyền thu_thập , mua_bán , chuyển_nhượng và thương_mại hóa toàn_bộ dữ_liệu cá_nhân , hình_ảnh và vị_trí địa_lý của Người lao_động cho đối_tác bên ngoài .",1.0,SYNTHETIC_GENERATOR,0,0,0,0,1,0,0,0
CLAUSE_0242,LABOR,"Người lao động đồng ý cho Công ty quyền thu thập, mua bán, chuyển nhượng và thương mại hóa toàn bộ dữ liệu cá nhân, hình ảnh và vị trí địa lý của Người lao động cho đối tác bên ngoài.","Người lao_động đồng_ý cho Công_ty quyền thu_thập , mua_bán , chuyển_nhượng và thương_mại hóa toàn_bộ dữ_liệu cá_nhân , hình_ảnh và vị_trí địa_lý của Người lao_động cho đối_tác bên ngoài .",1.0,SYNTHETIC_GENERATOR,0,0,0,0,1,0,0,0
CLAUSE_0243,LABOR,"Người lao động đồng ý cho Công ty quyền thu thập, mua bán, chuyển nhượng và thương mại hóa toàn bộ dữ liệu cá nhân, hình ảnh và vị trí địa lý của Người lao động cho đối tác bên ngoài.","Người lao_động đồng_ý cho Công_ty quyền thu_thập , mua_bán , chuyển_nhượng và thương_mại hóa toàn_bộ dữ_liệu cá_nhân , hình_ảnh và vị_trí địa_lý của Người lao_động cho đối_tác bên ngoài .",1.0,SYNTHETIC_GENERATOR,0,0,0,0,1,0,0,0
CLAUSE_0244,LABOR,"Người lao động đồng ý cho Công ty quyền thu thập, mua bán, chuyển nhượng và thương mại hóa toàn bộ dữ liệu cá nhân, hình ảnh và vị trí địa lý của Người lao động cho đối tác bên ngoài.","Người lao_động đồng_ý cho Công_ty quyền thu_thập , mua_bán , chuyển_nhượng và thương_mại hóa toàn_bộ dữ_liệu cá_nhân , hình_ảnh và vị_trí địa_lý của Người lao_động cho đối_tác bên ngoài .",1.0,SYNTHETIC_GENERATOR,0,0,0,0,1,0,0,0
CLAUSE_0245,LABOR,"Người lao động đồng ý cho Công ty quyền thu thập, mua bán, chuyển nhượng và thương mại hóa toàn bộ dữ liệu cá nhân, hình ảnh và vị trí địa lý của Người lao động cho đối tác bên ngoài.","Người lao_động đồng_ý cho Công_ty quyền thu_thập , mua_bán , chuyển_nhượng và thương_mại hóa toàn_bộ dữ_liệu cá_nhân , hình_ảnh và vị_trí địa_lý của Người lao_động cho đối_tác bên ngoài .",1.0,SYNTHETIC_GENERATOR,0,0,0,0,1,0,0,0
CLAUSE_0246,LABOR,"Người lao động đồng ý cho Công ty quyền thu thập, mua bán, chuyển nhượng và thương mại hóa toàn bộ dữ liệu cá nhân, hình ảnh và vị trí địa lý của Người lao động cho đối tác bên ngoài.","Người lao_động đồng_ý cho Công_ty quyền thu_thập , mua_bán , chuyển_nhượng và thương_mại hóa toàn_bộ dữ_liệu cá_nhân , hình_ảnh và vị_trí địa_lý của Người lao_động cho đối_tác bên ngoài .",1.0,SYNTHETIC_GENERATOR,0,0,0,0,1,0,0,0
CLAUSE_0247,LABOR,"Người lao động đồng ý cho Công ty quyền thu thập, mua bán, chuyển nhượng và thương mại hóa toàn bộ dữ liệu cá nhân, hình ảnh và vị trí địa lý của Người lao động cho đối tác bên ngoài.","Người lao_động đồng_ý cho Công_ty quyền thu_thập , mua_bán , chuyển_nhượng và thương_mại hóa toàn_bộ dữ_liệu cá_nhân , hình_ảnh và vị_trí địa_lý của Người lao_động cho đối_tác bên ngoài .",1.0,SYNTHETIC_GENERATOR,0,0,0,0,1,0,0,0
CLAUSE_0248,LABOR,"Người lao động đồng ý cho Công ty quyền thu thập, mua bán, chuyển nhượng và thương mại hóa toàn bộ dữ liệu cá nhân, hình ảnh và vị trí địa lý của Người lao động cho đối tác bên ngoài.","Người lao_động đồng_ý cho Công_ty quyền thu_thập , mua_bán , chuyển_nhượng và thương_mại hóa toàn_bộ dữ_liệu cá_nhân , hình_ảnh và vị_trí địa_lý của Người lao_động cho đối_tác bên ngoài .",1.0,SYNTHETIC_GENERATOR,0,0,0,0,1,0,0,0
CLAUSE_0249,LABOR,"Người lao động đồng ý cho Công ty quyền thu thập, mua bán, chuyển nhượng và thương mại hóa toàn bộ dữ liệu cá nhân, hình ảnh và vị trí địa lý của Người lao động cho đối tác bên ngoài.","Người lao_động đồng_ý cho Công_ty quyền thu_thập , mua_bán , chuyển_nhượng và thương_mại hóa toàn_bộ dữ_liệu cá_nhân , hình_ảnh và vị_trí địa_lý của Người lao_động cho đối_tác bên ngoài .",1.0,SYNTHETIC_GENERATOR,0,0,0,0,1,0,0,0
CLAUSE_0250,LABOR,"Người lao động đồng ý cho Công ty quyền thu thập, mua bán, chuyển nhượng và thương mại hóa toàn bộ dữ liệu cá nhân, hình ảnh và vị trí địa lý của Người lao động cho đối tác bên ngoài.","Người lao_động đồng_ý cho Công_ty quyền thu_thập , mua_bán , chuyển_nhượng và thương_mại hóa toàn_bộ dữ_liệu cá_nhân , hình_ảnh và vị_trí địa_lý của Người lao_động cho đối_tác bên ngoài .",1.0,SYNTHETIC_GENERATOR,0,0,0,0,1,0,0,0
CLAUSE_0251,LABOR,"Người lao động đồng ý cho Công ty quyền thu thập, mua bán, chuyển nhượng và thương mại hóa toàn bộ dữ liệu cá nhân, hình ảnh và vị trí địa lý của Người lao động cho đối tác bên ngoài.","Người lao_động đồng_ý cho Công_ty quyền thu_thập , mua_bán , chuyển_nhượng và thương_mại hóa toàn_bộ dữ_liệu cá_nhân , hình_ảnh và vị_trí địa_lý của Người lao_động cho đối_tác bên ngoài .",1.0,SYNTHETIC_GENERATOR,0,0,0,0,1,0,0,0
CLAUSE_0252,LABOR,"Bên A có quyền đơn phương cho Người lao động nghỉ việc ngay lập tức không cần báo trước, không cần lý do và không thanh toán trợ cấp mất việc hay bất kỳ khoản bồi thường nào.","Bên A có quyền đơn_phương cho Người lao_động nghỉ_việc ngay_lập_tức không cần báo trước , không cần lý_do và không thanh_toán trợ_cấp mất việc hay bất_kỳ khoản bồi_thường nào .",1.0,SYNTHETIC_GENERATOR,0,1,0,0,0,1,0,0
CLAUSE_0253,LABOR,"Bên A có quyền đơn phương cho Người lao động nghỉ việc ngay lập tức không cần báo trước, không cần lý do và không thanh toán trợ cấp mất việc hay bất kỳ khoản bồi thường nào.","Bên A có quyền đơn_phương cho Người lao_động nghỉ_việc ngay_lập_tức không cần báo trước , không cần lý_do và không thanh_toán trợ_cấp mất việc hay bất_kỳ khoản bồi_thường nào .",1.0,SYNTHETIC_GENERATOR,0,1,0,0,0,1,0,0
CLAUSE_0254,LABOR,"Bên A có quyền đơn phương cho Người lao động nghỉ việc ngay lập tức không cần báo trước, không cần lý do và không thanh toán trợ cấp mất việc hay bất kỳ khoản bồi thường nào.","Bên A có quyền đơn_phương cho Người lao_động nghỉ_việc ngay_lập_tức không cần báo trước , không cần lý_do và không thanh_toán trợ_cấp mất việc hay bất_kỳ khoản bồi_thường nào .",1.0,SYNTHETIC_GENERATOR,0,1,0,0,0,1,0,0
CLAUSE_0255,LABOR,"Bên A có quyền đơn phương cho Người lao động nghỉ việc ngay lập tức không cần báo trước, không cần lý do và không thanh toán trợ cấp mất việc hay bất kỳ khoản bồi thường nào.","Bên A có quyền đơn_phương cho Người lao_động nghỉ_việc ngay_lập_tức không cần báo trước , không cần lý_do và không thanh_toán trợ_cấp mất việc hay bất_kỳ khoản bồi_thường nào .",1.0,SYNTHETIC_GENERATOR,0,1,0,0,0,1,0,0
CLAUSE_0256,LABOR,"Bên A có quyền đơn phương cho Người lao động nghỉ việc ngay lập tức không cần báo trước, không cần lý do và không thanh toán trợ cấp mất việc hay bất kỳ khoản bồi thường nào.","Bên A có quyền đơn_phương cho Người lao_động nghỉ_việc ngay_lập_tức không cần báo trước , không cần lý_do và không thanh_toán trợ_cấp mất việc hay bất_kỳ khoản bồi_thường nào .",1.0,SYNTHETIC_GENERATOR,0,1,0,0,0,1,0,0
CLAUSE_0257,LABOR,"Bên A có quyền đơn phương cho Người lao động nghỉ việc ngay lập tức không cần báo trước, không cần lý do và không thanh toán trợ cấp mất việc hay bất kỳ khoản bồi thường nào.","Bên A có quyền đơn_phương cho Người lao_động nghỉ_việc ngay_lập_tức không cần báo trước , không cần lý_do và không thanh_toán trợ_cấp mất việc hay bất_kỳ khoản bồi_thường nào .",1.0,SYNTHETIC_GENERATOR,0,1,0,0,0,1,0,0
CLAUSE_0258,LABOR,"Bên A có quyền đơn phương cho Người lao động nghỉ việc ngay lập tức không cần báo trước, không cần lý do và không thanh toán trợ cấp mất việc hay bất kỳ khoản bồi thường nào.","Bên A có quyền đơn_phương cho Người lao_động nghỉ_việc ngay_lập_tức không cần báo trước , không cần lý_do và không thanh_toán trợ_cấp mất việc hay bất_kỳ khoản bồi_thường nào .",1.0,SYNTHETIC_GENERATOR,0,1,0,0,0,1,0,0
CLAUSE_0259,LABOR,"Bên A có quyền đơn phương cho Người lao động nghỉ việc ngay lập tức không cần báo trước, không cần lý do và không thanh toán trợ cấp mất việc hay bất kỳ khoản bồi thường nào.","Bên A có quyền đơn_phương cho Người lao_động nghỉ_việc ngay_lập_tức không cần báo trước , không cần lý_do và không thanh_toán trợ_cấp mất việc hay bất_kỳ khoản bồi_thường nào .",1.0,SYNTHETIC_GENERATOR,0,1,0,0,0,1,0,0
CLAUSE_0260,LABOR,"Bên A có quyền đơn phương cho Người lao động nghỉ việc ngay lập tức không cần báo trước, không cần lý do và không thanh toán trợ cấp mất việc hay bất kỳ khoản bồi thường nào.","Bên A có quyền đơn_phương cho Người lao_động nghỉ_việc ngay_lập_tức không cần báo trước , không cần lý_do và không thanh_toán trợ_cấp mất việc hay bất_kỳ khoản bồi_thường nào .",1.0,SYNTHETIC_GENERATOR,0,1,0,0,0,1,0,0
CLAUSE_0261,LABOR,"Bên A có quyền đơn phương cho Người lao động nghỉ việc ngay lập tức không cần báo trước, không cần lý do và không thanh toán trợ cấp mất việc hay bất kỳ khoản bồi thường nào.","Bên A có quyền đơn_phương cho Người lao_động nghỉ_việc ngay_lập_tức không cần báo trước , không cần lý_do và không thanh_toán trợ_cấp mất việc hay bất_kỳ khoản bồi_thường nào .",1.0,SYNTHETIC_GENERATOR,0,1,0,0,0,1,0,0
CLAUSE_0262,LABOR,"Bên A có quyền đơn phương cho Người lao động nghỉ việc ngay lập tức không cần báo trước, không cần lý do và không thanh toán trợ cấp mất việc hay bất kỳ khoản bồi thường nào.","Bên A có quyền đơn_phương cho Người lao_động nghỉ_việc ngay_lập_tức không cần báo trước , không cần lý_do và không thanh_toán trợ_cấp mất việc hay bất_kỳ khoản bồi_thường nào .",1.0,SYNTHETIC_GENERATOR,0,1,0,0,0,1,0,0
CLAUSE_0263,LABOR,"Bên A có quyền đơn phương cho Người lao động nghỉ việc ngay lập tức không cần báo trước, không cần lý do và không thanh toán trợ cấp mất việc hay bất kỳ khoản bồi thường nào.","Bên A có quyền đơn_phương cho Người lao_động nghỉ_việc ngay_lập_tức không cần báo trước , không cần lý_do và không thanh_toán trợ_cấp mất việc hay bất_kỳ khoản bồi_thường nào .",1.0,SYNTHETIC_GENERATOR,0,1,0,0,0,1,0,0
CLAUSE_0264,LABOR,"Bên A có quyền đơn phương cho Người lao động nghỉ việc ngay lập tức không cần báo trước, không cần lý do và không thanh toán trợ cấp mất việc hay bất kỳ khoản bồi thường nào.","Bên A có quyền đơn_phương cho Người lao_động nghỉ_việc ngay_lập_tức không cần báo trước , không cần lý_do và không thanh_toán trợ_cấp mất việc hay bất_kỳ khoản bồi_thường nào .",1.0,SYNTHETIC_GENERATOR,0,1,0,0,0,1,0,0
CLAUSE_0265,LABOR,"Bên A có quyền đơn phương cho Người lao động nghỉ việc ngay lập tức không cần báo trước, không cần lý do và không thanh toán trợ cấp mất việc hay bất kỳ khoản bồi thường nào.","Bên A có quyền đơn_phương cho Người lao_động nghỉ_việc ngay_lập_tức không cần báo trước , không cần lý_do và không thanh_toán trợ_cấp mất việc hay bất_kỳ khoản bồi_thường nào .",1.0,SYNTHETIC_GENERATOR,0,1,0,0,0,1,0,0
CLAUSE_0266,LABOR,"Bên A có quyền đơn phương cho Người lao động nghỉ việc ngay lập tức không cần báo trước, không cần lý do và không thanh toán trợ cấp mất việc hay bất kỳ khoản bồi thường nào.","Bên A có quyền đơn_phương cho Người lao_động nghỉ_việc ngay_lập_tức không cần báo trước , không cần lý_do và không thanh_toán trợ_cấp mất việc hay bất_kỳ khoản bồi_thường nào .",1.0,SYNTHETIC_GENERATOR,0,1,0,0,0,1,0,0
CLAUSE_0267,LEASE,Bên Cho Thuê có quyền thu hồi nhà thuê bất kỳ lúc nào nếu có nhu cầu sử dụng mà chỉ cần báo trước cho Bên Thuê 0 ngày mà không phải đền bù cọc.,Bên Cho Thuê có quyền thu_hồi nhà thuê bất_kỳ lúc_nào nếu có nhu_cầu sử_dụng mà chỉ cần báo trước cho Bên Thuê 0 ngày mà không phải đền_bù cọc .,1.0,SYNTHETIC_GENERATOR,0,0,0,0,0,1,0,0
CLAUSE_0268,LEASE,Bên Cho Thuê có quyền thu hồi nhà thuê bất kỳ lúc nào nếu có nhu cầu sử dụng mà chỉ cần báo trước cho Bên Thuê 1 ngày mà không phải đền bù cọc.,Bên Cho Thuê có quyền thu_hồi nhà thuê bất_kỳ lúc_nào nếu có nhu_cầu sử_dụng mà chỉ cần báo trước cho Bên Thuê 1 ngày mà không phải đền_bù cọc .,1.0,SYNTHETIC_GENERATOR,0,0,0,0,0,1,0,0
CLAUSE_0269,LEASE,Bên Cho Thuê có quyền thu hồi nhà thuê bất kỳ lúc nào nếu có nhu cầu sử dụng mà chỉ cần báo trước cho Bên Thuê 2 ngày mà không phải đền bù cọc.,Bên Cho Thuê có quyền thu_hồi nhà thuê bất_kỳ lúc_nào nếu có nhu_cầu sử_dụng mà chỉ cần báo trước cho Bên Thuê 2 ngày mà không phải đền_bù cọc .,1.0,SYNTHETIC_GENERATOR,0,0,0,0,0,1,0,0
CLAUSE_0270,LEASE,Bên Cho Thuê có quyền thu hồi nhà thuê bất kỳ lúc nào nếu có nhu cầu sử dụng mà chỉ cần báo trước cho Bên Thuê 3 ngày mà không phải đền bù cọc.,Bên Cho Thuê có quyền thu_hồi nhà thuê bất_kỳ lúc_nào nếu có nhu_cầu sử_dụng mà chỉ cần báo trước cho Bên Thuê 3 ngày mà không phải đền_bù cọc .,1.0,SYNTHETIC_GENERATOR,0,0,0,0,0,1,0,0
CLAUSE_0271,LEASE,Bên Cho Thuê có quyền thu hồi nhà thuê bất kỳ lúc nào nếu có nhu cầu sử dụng mà chỉ cần báo trước cho Bên Thuê 5 ngày mà không phải đền bù cọc.,Bên Cho Thuê có quyền thu_hồi nhà thuê bất_kỳ lúc_nào nếu có nhu_cầu sử_dụng mà chỉ cần báo trước cho Bên Thuê 5 ngày mà không phải đền_bù cọc .,1.0,SYNTHETIC_GENERATOR,0,0,0,0,0,1,0,0
CLAUSE_0272,LEASE,Bên Cho Thuê có quyền thu hồi nhà thuê bất kỳ lúc nào nếu có nhu cầu sử dụng mà chỉ cần báo trước cho Bên Thuê 7 ngày mà không phải đền bù cọc.,Bên Cho Thuê có quyền thu_hồi nhà thuê bất_kỳ lúc_nào nếu có nhu_cầu sử_dụng mà chỉ cần báo trước cho Bên Thuê 7 ngày mà không phải đền_bù cọc .,1.0,SYNTHETIC_GENERATOR,0,0,0,0,0,1,0,0
CLAUSE_0273,SALES,"Ngoài giá trị hợp đồng nêu trên, Bên Mua có nghĩa vụ thanh toán thêm các khoản phí quản lý, phí vận chuyển, phụ phí hạ tầng và chi phí phát sinh khác theo biểu phí riêng do Bên A tự ban hành từng thời kỳ.","Ngoài giá_trị hợp_đồng nêu trên , Bên Mua có nghĩa_vụ thanh_toán thêm các khoản phí quản_lý , phí vận_chuyển , phụ_phí hạ_tầng và chi_phí phát_sinh khác theo biểu_phí riêng do Bên A_tự ban_hành từng thời_kỳ .",1.0,SYNTHETIC_GENERATOR,0,0,0,0,0,0,1,0
CLAUSE_0274,SALES,"Ngoài giá trị hợp đồng nêu trên, Bên Mua có nghĩa vụ thanh toán thêm các khoản phí quản lý, phí vận chuyển, phụ phí hạ tầng và chi phí phát sinh khác theo biểu phí riêng do Bên A tự ban hành từng thời kỳ.","Ngoài giá_trị hợp_đồng nêu trên , Bên Mua có nghĩa_vụ thanh_toán thêm các khoản phí quản_lý , phí vận_chuyển , phụ_phí hạ_tầng và chi_phí phát_sinh khác theo biểu_phí riêng do Bên A_tự ban_hành từng thời_kỳ .",1.0,SYNTHETIC_GENERATOR,0,0,0,0,0,0,1,0
CLAUSE_0275,SALES,"Ngoài giá trị hợp đồng nêu trên, Bên Mua có nghĩa vụ thanh toán thêm các khoản phí quản lý, phí vận chuyển, phụ phí hạ tầng và chi phí phát sinh khác theo biểu phí riêng do Bên A tự ban hành từng thời kỳ.","Ngoài giá_trị hợp_đồng nêu trên , Bên Mua có nghĩa_vụ thanh_toán thêm các khoản phí quản_lý , phí vận_chuyển , phụ_phí hạ_tầng và chi_phí phát_sinh khác theo biểu_phí riêng do Bên A_tự ban_hành từng thời_kỳ .",1.0,SYNTHETIC_GENERATOR,0,0,0,0,0,0,1,0
CLAUSE_0276,SALES,"Ngoài giá trị hợp đồng nêu trên, Bên Mua có nghĩa vụ thanh toán thêm các khoản phí quản lý, phí vận chuyển, phụ phí hạ tầng và chi phí phát sinh khác theo biểu phí riêng do Bên A tự ban hành từng thời kỳ.","Ngoài giá_trị hợp_đồng nêu trên , Bên Mua có nghĩa_vụ thanh_toán thêm các khoản phí quản_lý , phí vận_chuyển , phụ_phí hạ_tầng và chi_phí phát_sinh khác theo biểu_phí riêng do Bên A_tự ban_hành từng thời_kỳ .",1.0,SYNTHETIC_GENERATOR,0,0,0,0,0,0,1,0
CLAUSE_0277,SALES,"Ngoài giá trị hợp đồng nêu trên, Bên Mua có nghĩa vụ thanh toán thêm các khoản phí quản lý, phí vận chuyển, phụ phí hạ tầng và chi phí phát sinh khác theo biểu phí riêng do Bên A tự ban hành từng thời kỳ.","Ngoài giá_trị hợp_đồng nêu trên , Bên Mua có nghĩa_vụ thanh_toán thêm các khoản phí quản_lý , phí vận_chuyển , phụ_phí hạ_tầng và chi_phí phát_sinh khác theo biểu_phí riêng do Bên A_tự ban_hành từng thời_kỳ .",1.0,SYNTHETIC_GENERATOR,0,0,0,0,0,0,1,0
CLAUSE_0278,SALES,"Ngoài giá trị hợp đồng nêu trên, Bên Mua có nghĩa vụ thanh toán thêm các khoản phí quản lý, phí vận chuyển, phụ phí hạ tầng và chi phí phát sinh khác theo biểu phí riêng do Bên A tự ban hành từng thời kỳ.","Ngoài giá_trị hợp_đồng nêu trên , Bên Mua có nghĩa_vụ thanh_toán thêm các khoản phí quản_lý , phí vận_chuyển , phụ_phí hạ_tầng và chi_phí phát_sinh khác theo biểu_phí riêng do Bên A_tự ban_hành từng thời_kỳ .",1.0,SYNTHETIC_GENERATOR,0,0,0,0,0,0,1,0
CLAUSE_0279,SALES,"Ngoài giá trị hợp đồng nêu trên, Bên Mua có nghĩa vụ thanh toán thêm các khoản phí quản lý, phí vận chuyển, phụ phí hạ tầng và chi phí phát sinh khác theo biểu phí riêng do Bên A tự ban hành từng thời kỳ.","Ngoài giá_trị hợp_đồng nêu trên , Bên Mua có nghĩa_vụ thanh_toán thêm các khoản phí quản_lý , phí vận_chuyển , phụ_phí hạ_tầng và chi_phí phát_sinh khác theo biểu_phí riêng do Bên A_tự ban_hành từng thời_kỳ .",1.0,SYNTHETIC_GENERATOR,0,0,0,0,0,0,1,0
CLAUSE_0280,SALES,"Ngoài giá trị hợp đồng nêu trên, Bên Mua có nghĩa vụ thanh toán thêm các khoản phí quản lý, phí vận chuyển, phụ phí hạ tầng và chi phí phát sinh khác theo biểu phí riêng do Bên A tự ban hành từng thời kỳ.","Ngoài giá_trị hợp_đồng nêu trên , Bên Mua có nghĩa_vụ thanh_toán thêm các khoản phí quản_lý , phí vận_chuyển , phụ_phí hạ_tầng và chi_phí phát_sinh khác theo biểu_phí riêng do Bên A_tự ban_hành từng thời_kỳ .",1.0,SYNTHETIC_GENERATOR,0,0,0,0,0,0,1,0
CLAUSE_0281,SALES,"Ngoài giá trị hợp đồng nêu trên, Bên Mua có nghĩa vụ thanh toán thêm các khoản phí quản lý, phí vận chuyển, phụ phí hạ tầng và chi phí phát sinh khác theo biểu phí riêng do Bên A tự ban hành từng thời kỳ.","Ngoài giá_trị hợp_đồng nêu trên , Bên Mua có nghĩa_vụ thanh_toán thêm các khoản phí quản_lý , phí vận_chuyển , phụ_phí hạ_tầng và chi_phí phát_sinh khác theo biểu_phí riêng do Bên A_tự ban_hành từng thời_kỳ .",1.0,SYNTHETIC_GENERATOR,0,0,0,0,0,0,1,0
CLAUSE_0282,SALES,"Ngoài giá trị hợp đồng nêu trên, Bên Mua có nghĩa vụ thanh toán thêm các khoản phí quản lý, phí vận chuyển, phụ phí hạ tầng và chi phí phát sinh khác theo biểu phí riêng do Bên A tự ban hành từng thời kỳ.","Ngoài giá_trị hợp_đồng nêu trên , Bên Mua có nghĩa_vụ thanh_toán thêm các khoản phí quản_lý , phí vận_chuyển , phụ_phí hạ_tầng và chi_phí phát_sinh khác theo biểu_phí riêng do Bên A_tự ban_hành từng thời_kỳ .",1.0,SYNTHETIC_GENERATOR,0,0,0,0,0,0,1,0
CLAUSE_0283,SALES,"Ngoài giá trị hợp đồng nêu trên, Bên Mua có nghĩa vụ thanh toán thêm các khoản phí quản lý, phí vận chuyển, phụ phí hạ tầng và chi phí phát sinh khác theo biểu phí riêng do Bên A tự ban hành từng thời kỳ.","Ngoài giá_trị hợp_đồng nêu trên , Bên Mua có nghĩa_vụ thanh_toán thêm các khoản phí quản_lý , phí vận_chuyển , phụ_phí hạ_tầng và chi_phí phát_sinh khác theo biểu_phí riêng do Bên A_tự ban_hành từng thời_kỳ .",1.0,SYNTHETIC_GENERATOR,0,0,0,0,0,0,1,0
CLAUSE_0284,SALES,"Ngoài giá trị hợp đồng nêu trên, Bên Mua có nghĩa vụ thanh toán thêm các khoản phí quản lý, phí vận chuyển, phụ phí hạ tầng và chi phí phát sinh khác theo biểu phí riêng do Bên A tự ban hành từng thời kỳ.","Ngoài giá_trị hợp_đồng nêu trên , Bên Mua có nghĩa_vụ thanh_toán thêm các khoản phí quản_lý , phí vận_chuyển , phụ_phí hạ_tầng và chi_phí phát_sinh khác theo biểu_phí riêng do Bên A_tự ban_hành từng thời_kỳ .",1.0,SYNTHETIC_GENERATOR,0,0,0,0,0,0,1,0
CLAUSE_0285,SALES,"Ngoài giá trị hợp đồng nêu trên, Bên Mua có nghĩa vụ thanh toán thêm các khoản phí quản lý, phí vận chuyển, phụ phí hạ tầng và chi phí phát sinh khác theo biểu phí riêng do Bên A tự ban hành từng thời kỳ.","Ngoài giá_trị hợp_đồng nêu trên , Bên Mua có nghĩa_vụ thanh_toán thêm các khoản phí quản_lý , phí vận_chuyển , phụ_phí hạ_tầng và chi_phí phát_sinh khác theo biểu_phí riêng do Bên A_tự ban_hành từng thời_kỳ .",1.0,SYNTHETIC_GENERATOR,0,0,0,0,0,0,1,0
CLAUSE_0286,SALES,"Ngoài giá trị hợp đồng nêu trên, Bên Mua có nghĩa vụ thanh toán thêm các khoản phí quản lý, phí vận chuyển, phụ phí hạ tầng và chi phí phát sinh khác theo biểu phí riêng do Bên A tự ban hành từng thời kỳ.","Ngoài giá_trị hợp_đồng nêu trên , Bên Mua có nghĩa_vụ thanh_toán thêm các khoản phí quản_lý , phí vận_chuyển , phụ_phí hạ_tầng và chi_phí phát_sinh khác theo biểu_phí riêng do Bên A_tự ban_hành từng thời_kỳ .",1.0,SYNTHETIC_GENERATOR,0,0,0,0,0,0,1,0
CLAUSE_0287,SALES,"Ngoài giá trị hợp đồng nêu trên, Bên Mua có nghĩa vụ thanh toán thêm các khoản phí quản lý, phí vận chuyển, phụ phí hạ tầng và chi phí phát sinh khác theo biểu phí riêng do Bên A tự ban hành từng thời kỳ.","Ngoài giá_trị hợp_đồng nêu trên , Bên Mua có nghĩa_vụ thanh_toán thêm các khoản phí quản_lý , phí vận_chuyển , phụ_phí hạ_tầng và chi_phí phát_sinh khác theo biểu_phí riêng do Bên A_tự ban_hành từng thời_kỳ .",1.0,SYNTHETIC_GENERATOR,0,0,0,0,0,0,1,0
CLAUSE_0288,LEASE,Bên Thuê có trách nhiệm chi trả tất cả các khoản phụ phí dịch vụ chung không cố định theo thông báo đơn phương hàng tháng của Bên Cho Thuê.,Bên Thuê có trách_nhiệm chi_trả tất_cả các khoản phụ_phí dịch_vụ chung không cố_định theo thông_báo đơn_phương hàng tháng của Bên Cho Thuê .,1.0,SYNTHETIC_GENERATOR,0,0,0,0,0,0,1,0
CLAUSE_0289,LEASE,Bên Thuê có trách nhiệm chi trả tất cả các khoản phụ phí dịch vụ chung không cố định theo thông báo đơn phương hàng tháng của Bên Cho Thuê.,Bên Thuê có trách_nhiệm chi_trả tất_cả các khoản phụ_phí dịch_vụ chung không cố_định theo thông_báo đơn_phương hàng tháng của Bên Cho Thuê .,1.0,SYNTHETIC_GENERATOR,0,0,0,0,0,0,1,0
CLAUSE_0290,LEASE,Bên Thuê có trách nhiệm chi trả tất cả các khoản phụ phí dịch vụ chung không cố định theo thông báo đơn phương hàng tháng của Bên Cho Thuê.,Bên Thuê có trách_nhiệm chi_trả tất_cả các khoản phụ_phí dịch_vụ chung không cố_định theo thông_báo đơn_phương hàng tháng của Bên Cho Thuê .,1.0,SYNTHETIC_GENERATOR,0,0,0,0,0,0,1,0
CLAUSE_0291,LEASE,Bên Thuê có trách nhiệm chi trả tất cả các khoản phụ phí dịch vụ chung không cố định theo thông báo đơn phương hàng tháng của Bên Cho Thuê.,Bên Thuê có trách_nhiệm chi_trả tất_cả các khoản phụ_phí dịch_vụ chung không cố_định theo thông_báo đơn_phương hàng tháng của Bên Cho Thuê .,1.0,SYNTHETIC_GENERATOR,0,0,0,0,0,0,1,0
CLAUSE_0292,LEASE,Bên Thuê có trách nhiệm chi trả tất cả các khoản phụ phí dịch vụ chung không cố định theo thông báo đơn phương hàng tháng của Bên Cho Thuê.,Bên Thuê có trách_nhiệm chi_trả tất_cả các khoản phụ_phí dịch_vụ chung không cố_định theo thông_báo đơn_phương hàng tháng của Bên Cho Thuê .,1.0,SYNTHETIC_GENERATOR,0,0,0,0,0,0,1,0
CLAUSE_0293,LEASE,Bên Thuê có trách nhiệm chi trả tất cả các khoản phụ phí dịch vụ chung không cố định theo thông báo đơn phương hàng tháng của Bên Cho Thuê.,Bên Thuê có trách_nhiệm chi_trả tất_cả các khoản phụ_phí dịch_vụ chung không cố_định theo thông_báo đơn_phương hàng tháng của Bên Cho Thuê .,1.0,SYNTHETIC_GENERATOR,0,0,0,0,0,0,1,0
CLAUSE_0294,LEASE,Bên Thuê có trách nhiệm chi trả tất cả các khoản phụ phí dịch vụ chung không cố định theo thông báo đơn phương hàng tháng của Bên Cho Thuê.,Bên Thuê có trách_nhiệm chi_trả tất_cả các khoản phụ_phí dịch_vụ chung không cố_định theo thông_báo đơn_phương hàng tháng của Bên Cho Thuê .,1.0,SYNTHETIC_GENERATOR,0,0,0,0,0,0,1,0
CLAUSE_0295,LEASE,Bên Thuê có trách nhiệm chi trả tất cả các khoản phụ phí dịch vụ chung không cố định theo thông báo đơn phương hàng tháng của Bên Cho Thuê.,Bên Thuê có trách_nhiệm chi_trả tất_cả các khoản phụ_phí dịch_vụ chung không cố_định theo thông_báo đơn_phương hàng tháng của Bên Cho Thuê .,1.0,SYNTHETIC_GENERATOR,0,0,0,0,0,0,1,0
CLAUSE_0296,LEASE,Bên Thuê có trách nhiệm chi trả tất cả các khoản phụ phí dịch vụ chung không cố định theo thông báo đơn phương hàng tháng của Bên Cho Thuê.,Bên Thuê có trách_nhiệm chi_trả tất_cả các khoản phụ_phí dịch_vụ chung không cố_định theo thông_báo đơn_phương hàng tháng của Bên Cho Thuê .,1.0,SYNTHETIC_GENERATOR,0,0,0,0,0,0,1,0
CLAUSE_0297,LEASE,Bên Thuê có trách nhiệm chi trả tất cả các khoản phụ phí dịch vụ chung không cố định theo thông báo đơn phương hàng tháng của Bên Cho Thuê.,Bên Thuê có trách_nhiệm chi_trả tất_cả các khoản phụ_phí dịch_vụ chung không cố_định theo thông_báo đơn_phương hàng tháng của Bên Cho Thuê .,1.0,SYNTHETIC_GENERATOR,0,0,0,0,0,0,1,0
CLAUSE_0298,LEASE,Bên Thuê có trách nhiệm chi trả tất cả các khoản phụ phí dịch vụ chung không cố định theo thông báo đơn phương hàng tháng của Bên Cho Thuê.,Bên Thuê có trách_nhiệm chi_trả tất_cả các khoản phụ_phí dịch_vụ chung không cố_định theo thông_báo đơn_phương hàng tháng của Bên Cho Thuê .,1.0,SYNTHETIC_GENERATOR,0,0,0,0,0,0,1,0
CLAUSE_0299,LEASE,Bên Thuê có trách nhiệm chi trả tất cả các khoản phụ phí dịch vụ chung không cố định theo thông báo đơn phương hàng tháng của Bên Cho Thuê.,Bên Thuê có trách_nhiệm chi_trả tất_cả các khoản phụ_phí dịch_vụ chung không cố_định theo thông_báo đơn_phương hàng tháng của Bên Cho Thuê .,1.0,SYNTHETIC_GENERATOR,0,0,0,0,0,0,1,0
CLAUSE_0300,LEASE,Bên Thuê có trách nhiệm chi trả tất cả các khoản phụ phí dịch vụ chung không cố định theo thông báo đơn phương hàng tháng của Bên Cho Thuê.,Bên Thuê có trách_nhiệm chi_trả tất_cả các khoản phụ_phí dịch_vụ chung không cố_định theo thông_báo đơn_phương hàng tháng của Bên Cho Thuê .,1.0,SYNTHETIC_GENERATOR,0,0,0,0,0,0,1,0
CLAUSE_0301,LEASE,Bên Thuê có trách nhiệm chi trả tất cả các khoản phụ phí dịch vụ chung không cố định theo thông báo đơn phương hàng tháng của Bên Cho Thuê.,Bên Thuê có trách_nhiệm chi_trả tất_cả các khoản phụ_phí dịch_vụ chung không cố_định theo thông_báo đơn_phương hàng tháng của Bên Cho Thuê .,1.0,SYNTHETIC_GENERATOR,0,0,0,0,0,0,1,0
CLAUSE_0302,LEASE,Bên Thuê có trách nhiệm chi trả tất cả các khoản phụ phí dịch vụ chung không cố định theo thông báo đơn phương hàng tháng của Bên Cho Thuê.,Bên Thuê có trách_nhiệm chi_trả tất_cả các khoản phụ_phí dịch_vụ chung không cố_định theo thông_báo đơn_phương hàng tháng của Bên Cho Thuê .,1.0,SYNTHETIC_GENERATOR,0,0,0,0,0,0,1,0
CLAUSE_0303,LEASE,"Dù xảy ra sự kiện thiên tai, bão lụt, hỏa hoạn, dịch bệnh kéo dài hoặc quyết định của cơ quan nhà nước, Bên B vẫn phải có trách nhiệm thanh toán đủ 100% nghĩa vụ hợp đồng mà không được giảm trừ hay miễn trách nhiệm.","Dù xảy ra sự_kiện thiên_tai , bão_lụt , hỏa_hoạn , dịch_bệnh kéo_dài hoặc quyết_định của cơ_quan nhà_nước , Bên B vẫn phải có trách_nhiệm thanh_toán đủ 100 % nghĩa_vụ hợp_đồng mà không được giảm trừ hay miễn trách_nhiệm .",1.0,SYNTHETIC_GENERATOR,0,0,0,0,0,0,0,1
CLAUSE_0304,LEASE,"Dù xảy ra sự kiện thiên tai, bão lụt, hỏa hoạn, dịch bệnh kéo dài hoặc quyết định của cơ quan nhà nước, Bên B vẫn phải có trách nhiệm thanh toán đủ 100% nghĩa vụ hợp đồng mà không được giảm trừ hay miễn trách nhiệm.","Dù xảy ra sự_kiện thiên_tai , bão_lụt , hỏa_hoạn , dịch_bệnh kéo_dài hoặc quyết_định của cơ_quan nhà_nước , Bên B vẫn phải có trách_nhiệm thanh_toán đủ 100 % nghĩa_vụ hợp_đồng mà không được giảm trừ hay miễn trách_nhiệm .",1.0,SYNTHETIC_GENERATOR,0,0,0,0,0,0,0,1
CLAUSE_0305,LEASE,"Dù xảy ra sự kiện thiên tai, bão lụt, hỏa hoạn, dịch bệnh kéo dài hoặc quyết định của cơ quan nhà nước, Bên B vẫn phải có trách nhiệm thanh toán đủ 100% nghĩa vụ hợp đồng mà không được giảm trừ hay miễn trách nhiệm.","Dù xảy ra sự_kiện thiên_tai , bão_lụt , hỏa_hoạn , dịch_bệnh kéo_dài hoặc quyết_định của cơ_quan nhà_nước , Bên B vẫn phải có trách_nhiệm thanh_toán đủ 100 % nghĩa_vụ hợp_đồng mà không được giảm trừ hay miễn trách_nhiệm .",1.0,SYNTHETIC_GENERATOR,0,0,0,0,0,0,0,1
CLAUSE_0306,LEASE,"Dù xảy ra sự kiện thiên tai, bão lụt, hỏa hoạn, dịch bệnh kéo dài hoặc quyết định của cơ quan nhà nước, Bên B vẫn phải có trách nhiệm thanh toán đủ 100% nghĩa vụ hợp đồng mà không được giảm trừ hay miễn trách nhiệm.","Dù xảy ra sự_kiện thiên_tai , bão_lụt , hỏa_hoạn , dịch_bệnh kéo_dài hoặc quyết_định của cơ_quan nhà_nước , Bên B vẫn phải có trách_nhiệm thanh_toán đủ 100 % nghĩa_vụ hợp_đồng mà không được giảm trừ hay miễn trách_nhiệm .",1.0,SYNTHETIC_GENERATOR,0,0,0,0,0,0,0,1
CLAUSE_0307,LEASE,"Dù xảy ra sự kiện thiên tai, bão lụt, hỏa hoạn, dịch bệnh kéo dài hoặc quyết định của cơ quan nhà nước, Bên B vẫn phải có trách nhiệm thanh toán đủ 100% nghĩa vụ hợp đồng mà không được giảm trừ hay miễn trách nhiệm.","Dù xảy ra sự_kiện thiên_tai , bão_lụt , hỏa_hoạn , dịch_bệnh kéo_dài hoặc quyết_định của cơ_quan nhà_nước , Bên B vẫn phải có trách_nhiệm thanh_toán đủ 100 % nghĩa_vụ hợp_đồng mà không được giảm trừ hay miễn trách_nhiệm .",1.0,SYNTHETIC_GENERATOR,0,0,0,0,0,0,0,1
CLAUSE_0308,LEASE,"Dù xảy ra sự kiện thiên tai, bão lụt, hỏa hoạn, dịch bệnh kéo dài hoặc quyết định của cơ quan nhà nước, Bên B vẫn phải có trách nhiệm thanh toán đủ 100% nghĩa vụ hợp đồng mà không được giảm trừ hay miễn trách nhiệm.","Dù xảy ra sự_kiện thiên_tai , bão_lụt , hỏa_hoạn , dịch_bệnh kéo_dài hoặc quyết_định của cơ_quan nhà_nước , Bên B vẫn phải có trách_nhiệm thanh_toán đủ 100 % nghĩa_vụ hợp_đồng mà không được giảm trừ hay miễn trách_nhiệm .",1.0,SYNTHETIC_GENERATOR,0,0,0,0,0,0,0,1
CLAUSE_0309,LEASE,"Dù xảy ra sự kiện thiên tai, bão lụt, hỏa hoạn, dịch bệnh kéo dài hoặc quyết định của cơ quan nhà nước, Bên B vẫn phải có trách nhiệm thanh toán đủ 100% nghĩa vụ hợp đồng mà không được giảm trừ hay miễn trách nhiệm.","Dù xảy ra sự_kiện thiên_tai , bão_lụt , hỏa_hoạn , dịch_bệnh kéo_dài hoặc quyết_định của cơ_quan nhà_nước , Bên B vẫn phải có trách_nhiệm thanh_toán đủ 100 % nghĩa_vụ hợp_đồng mà không được giảm trừ hay miễn trách_nhiệm .",1.0,SYNTHETIC_GENERATOR,0,0,0,0,0,0,0,1
CLAUSE_0310,LEASE,"Dù xảy ra sự kiện thiên tai, bão lụt, hỏa hoạn, dịch bệnh kéo dài hoặc quyết định của cơ quan nhà nước, Bên B vẫn phải có trách nhiệm thanh toán đủ 100% nghĩa vụ hợp đồng mà không được giảm trừ hay miễn trách nhiệm.","Dù xảy ra sự_kiện thiên_tai , bão_lụt , hỏa_hoạn , dịch_bệnh kéo_dài hoặc quyết_định của cơ_quan nhà_nước , Bên B vẫn phải có trách_nhiệm thanh_toán đủ 100 % nghĩa_vụ hợp_đồng mà không được giảm trừ hay miễn trách_nhiệm .",1.0,SYNTHETIC_GENERATOR,0,0,0,0,0,0,0,1
CLAUSE_0311,LEASE,"Dù xảy ra sự kiện thiên tai, bão lụt, hỏa hoạn, dịch bệnh kéo dài hoặc quyết định của cơ quan nhà nước, Bên B vẫn phải có trách nhiệm thanh toán đủ 100% nghĩa vụ hợp đồng mà không được giảm trừ hay miễn trách nhiệm.","Dù xảy ra sự_kiện thiên_tai , bão_lụt , hỏa_hoạn , dịch_bệnh kéo_dài hoặc quyết_định của cơ_quan nhà_nước , Bên B vẫn phải có trách_nhiệm thanh_toán đủ 100 % nghĩa_vụ hợp_đồng mà không được giảm trừ hay miễn trách_nhiệm .",1.0,SYNTHETIC_GENERATOR,0,0,0,0,0,0,0,1
CLAUSE_0312,LEASE,"Dù xảy ra sự kiện thiên tai, bão lụt, hỏa hoạn, dịch bệnh kéo dài hoặc quyết định của cơ quan nhà nước, Bên B vẫn phải có trách nhiệm thanh toán đủ 100% nghĩa vụ hợp đồng mà không được giảm trừ hay miễn trách nhiệm.","Dù xảy ra sự_kiện thiên_tai , bão_lụt , hỏa_hoạn , dịch_bệnh kéo_dài hoặc quyết_định của cơ_quan nhà_nước , Bên B vẫn phải có trách_nhiệm thanh_toán đủ 100 % nghĩa_vụ hợp_đồng mà không được giảm trừ hay miễn trách_nhiệm .",1.0,SYNTHETIC_GENERATOR,0,0,0,0,0,0,0,1
CLAUSE_0313,LEASE,"Dù xảy ra sự kiện thiên tai, bão lụt, hỏa hoạn, dịch bệnh kéo dài hoặc quyết định của cơ quan nhà nước, Bên B vẫn phải có trách nhiệm thanh toán đủ 100% nghĩa vụ hợp đồng mà không được giảm trừ hay miễn trách nhiệm.","Dù xảy ra sự_kiện thiên_tai , bão_lụt , hỏa_hoạn , dịch_bệnh kéo_dài hoặc quyết_định của cơ_quan nhà_nước , Bên B vẫn phải có trách_nhiệm thanh_toán đủ 100 % nghĩa_vụ hợp_đồng mà không được giảm trừ hay miễn trách_nhiệm .",1.0,SYNTHETIC_GENERATOR,0,0,0,0,0,0,0,1
CLAUSE_0314,LEASE,"Dù xảy ra sự kiện thiên tai, bão lụt, hỏa hoạn, dịch bệnh kéo dài hoặc quyết định của cơ quan nhà nước, Bên B vẫn phải có trách nhiệm thanh toán đủ 100% nghĩa vụ hợp đồng mà không được giảm trừ hay miễn trách nhiệm.","Dù xảy ra sự_kiện thiên_tai , bão_lụt , hỏa_hoạn , dịch_bệnh kéo_dài hoặc quyết_định của cơ_quan nhà_nước , Bên B vẫn phải có trách_nhiệm thanh_toán đủ 100 % nghĩa_vụ hợp_đồng mà không được giảm trừ hay miễn trách_nhiệm .",1.0,SYNTHETIC_GENERATOR,0,0,0,0,0,0,0,1
CLAUSE_0315,LEASE,"Dù xảy ra sự kiện thiên tai, bão lụt, hỏa hoạn, dịch bệnh kéo dài hoặc quyết định của cơ quan nhà nước, Bên B vẫn phải có trách nhiệm thanh toán đủ 100% nghĩa vụ hợp đồng mà không được giảm trừ hay miễn trách nhiệm.","Dù xảy ra sự_kiện thiên_tai , bão_lụt , hỏa_hoạn , dịch_bệnh kéo_dài hoặc quyết_định của cơ_quan nhà_nước , Bên B vẫn phải có trách_nhiệm thanh_toán đủ 100 % nghĩa_vụ hợp_đồng mà không được giảm trừ hay miễn trách_nhiệm .",1.0,SYNTHETIC_GENERATOR,0,0,0,0,0,0,0,1
CLAUSE_0316,LEASE,"Dù xảy ra sự kiện thiên tai, bão lụt, hỏa hoạn, dịch bệnh kéo dài hoặc quyết định của cơ quan nhà nước, Bên B vẫn phải có trách nhiệm thanh toán đủ 100% nghĩa vụ hợp đồng mà không được giảm trừ hay miễn trách nhiệm.","Dù xảy ra sự_kiện thiên_tai , bão_lụt , hỏa_hoạn , dịch_bệnh kéo_dài hoặc quyết_định của cơ_quan nhà_nước , Bên B vẫn phải có trách_nhiệm thanh_toán đủ 100 % nghĩa_vụ hợp_đồng mà không được giảm trừ hay miễn trách_nhiệm .",1.0,SYNTHETIC_GENERATOR,0,0,0,0,0,0,0,1
CLAUSE_0317,LEASE,"Dù xảy ra sự kiện thiên tai, bão lụt, hỏa hoạn, dịch bệnh kéo dài hoặc quyết định của cơ quan nhà nước, Bên B vẫn phải có trách nhiệm thanh toán đủ 100% nghĩa vụ hợp đồng mà không được giảm trừ hay miễn trách nhiệm.","Dù xảy ra sự_kiện thiên_tai , bão_lụt , hỏa_hoạn , dịch_bệnh kéo_dài hoặc quyết_định của cơ_quan nhà_nước , Bên B vẫn phải có trách_nhiệm thanh_toán đủ 100 % nghĩa_vụ hợp_đồng mà không được giảm trừ hay miễn trách_nhiệm .",1.0,SYNTHETIC_GENERATOR,0,0,0,0,0,0,0,1
CLAUSE_0318,LABOR,"Hai bên thống nhất mức lương chính là 10.000.000 VNĐ/tháng, thanh toán vào ngày 01 hàng tháng qua tài khoản ngân hàng của Người lao động.","Hai bên thống_nhất mức lương chính là 10.000.000 VNĐ / tháng , thanh_toán vào ngày 01 hàng tháng qua tài_khoản ngân_hàng của Người lao_động .",1.0,SYNTHETIC_GENERATOR,0,0,0,0,0,0,0,0
CLAUSE_0319,LABOR,"Hai bên thống nhất mức lương chính là 10.000.000 VNĐ/tháng, thanh toán vào ngày 05 hàng tháng qua tài khoản ngân hàng của Người lao động.","Hai bên thống_nhất mức lương chính là 10.000.000 VNĐ / tháng , thanh_toán vào ngày 05 hàng tháng qua tài_khoản ngân_hàng của Người lao_động .",1.0,SYNTHETIC_GENERATOR,0,0,0,0,0,0,0,0
CLAUSE_0320,LABOR,"Hai bên thống nhất mức lương chính là 10.000.000 VNĐ/tháng, thanh toán vào ngày 10 hàng tháng qua tài khoản ngân hàng của Người lao động.","Hai bên thống_nhất mức lương chính là 10.000.000 VNĐ / tháng , thanh_toán vào ngày 10 hàng tháng qua tài_khoản ngân_hàng của Người lao_động .",1.0,SYNTHETIC_GENERATOR,0,0,0,0,0,0,0,0
CLAUSE_0321,LABOR,"Hai bên thống nhất mức lương chính là 10.000.000 VNĐ/tháng, thanh toán vào ngày 15 hàng tháng qua tài khoản ngân hàng của Người lao động.","Hai bên thống_nhất mức lương chính là 10.000.000 VNĐ / tháng , thanh_toán vào ngày 15 hàng tháng qua tài_khoản ngân_hàng của Người lao_động .",1.0,SYNTHETIC_GENERATOR,0,0,0,0,0,0,0,0
CLAUSE_0322,LABOR,"Hai bên thống nhất mức lương chính là 10.000.000 VNĐ/tháng, thanh toán vào ngày 25 hàng tháng qua tài khoản ngân hàng của Người lao động.","Hai bên thống_nhất mức lương chính là 10.000.000 VNĐ / tháng , thanh_toán vào ngày 25 hàng tháng qua tài_khoản ngân_hàng của Người lao_động .",1.0,SYNTHETIC_GENERATOR,0,0,0,0,0,0,0,0
CLAUSE_0323,LABOR,"Hai bên thống nhất mức lương chính là 10.000.000 VNĐ/tháng, thanh toán vào ngày 30 hàng tháng qua tài khoản ngân hàng của Người lao động.","Hai bên thống_nhất mức lương chính là 10.000.000 VNĐ / tháng , thanh_toán vào ngày 30 hàng tháng qua tài_khoản ngân_hàng của Người lao_động .",1.0,SYNTHETIC_GENERATOR,0,0,0,0,0,0,0,0
CLAUSE_0324,LABOR,"Hai bên thống nhất mức lương chính là 15.000.000 VNĐ/tháng, thanh toán vào ngày 01 hàng tháng qua tài khoản ngân hàng của Người lao động.","Hai bên thống_nhất mức lương chính là 15.000.000 VNĐ / tháng , thanh_toán vào ngày 01 hàng tháng qua tài_khoản ngân_hàng của Người lao_động .",1.0,SYNTHETIC_GENERATOR,0,0,0,0,0,0,0,0
CLAUSE_0325,LABOR,"Hai bên thống nhất mức lương chính là 15.000.000 VNĐ/tháng, thanh toán vào ngày 05 hàng tháng qua tài khoản ngân hàng của Người lao động.","Hai bên thống_nhất mức lương chính là 15.000.000 VNĐ / tháng , thanh_toán vào ngày 05 hàng tháng qua tài_khoản ngân_hàng của Người lao_động .",1.0,SYNTHETIC_GENERATOR,0,0,0,0,0,0,0,0
CLAUSE_0326,LABOR,"Hai bên thống nhất mức lương chính là 15.000.000 VNĐ/tháng, thanh toán vào ngày 10 hàng tháng qua tài khoản ngân hàng của Người lao động.","Hai bên thống_nhất mức lương chính là 15.000.000 VNĐ / tháng , thanh_toán vào ngày 10 hàng tháng qua tài_khoản ngân_hàng của Người lao_động .",1.0,SYNTHETIC_GENERATOR,0,0,0,0,0,0,0,0
CLAUSE_0327,LABOR,"Hai bên thống nhất mức lương chính là 15.000.000 VNĐ/tháng, thanh toán vào ngày 15 hàng tháng qua tài khoản ngân hàng của Người lao động.","Hai bên thống_nhất mức lương chính là 15.000.000 VNĐ / tháng , thanh_toán vào ngày 15 hàng tháng qua tài_khoản ngân_hàng của Người lao_động .",1.0,SYNTHETIC_GENERATOR,0,0,0,0,0,0,0,0
CLAUSE_0328,LABOR,"Hai bên thống nhất mức lương chính là 15.000.000 VNĐ/tháng, thanh toán vào ngày 25 hàng tháng qua tài khoản ngân hàng của Người lao động.","Hai bên thống_nhất mức lương chính là 15.000.000 VNĐ / tháng , thanh_toán vào ngày 25 hàng tháng qua tài_khoản ngân_hàng của Người lao_động .",1.0,SYNTHETIC_GENERATOR,0,0,0,0,0,0,0,0
CLAUSE_0329,LABOR,"Hai bên thống nhất mức lương chính là 15.000.000 VNĐ/tháng, thanh toán vào ngày 30 hàng tháng qua tài khoản ngân hàng của Người lao động.","Hai bên thống_nhất mức lương chính là 15.000.000 VNĐ / tháng , thanh_toán vào ngày 30 hàng tháng qua tài_khoản ngân_hàng của Người lao_động .",1.0,SYNTHETIC_GENERATOR,0,0,0,0,0,0,0,0
CLAUSE_0330,LABOR,"Hai bên thống nhất mức lương chính là 20.000.000 VNĐ/tháng, thanh toán vào ngày 01 hàng tháng qua tài khoản ngân hàng của Người lao động.","Hai bên thống_nhất mức lương chính là 20.000.000 VNĐ / tháng , thanh_toán vào ngày 01 hàng tháng qua tài_khoản ngân_hàng của Người lao_động .",1.0,SYNTHETIC_GENERATOR,0,0,0,0,0,0,0,0
CLAUSE_0331,LABOR,"Hai bên thống nhất mức lương chính là 20.000.000 VNĐ/tháng, thanh toán vào ngày 05 hàng tháng qua tài khoản ngân hàng của Người lao động.","Hai bên thống_nhất mức lương chính là 20.000.000 VNĐ / tháng , thanh_toán vào ngày 05 hàng tháng qua tài_khoản ngân_hàng của Người lao_động .",1.0,SYNTHETIC_GENERATOR,0,0,0,0,0,0,0,0
CLAUSE_0332,LABOR,"Hai bên thống nhất mức lương chính là 20.000.000 VNĐ/tháng, thanh toán vào ngày 10 hàng tháng qua tài khoản ngân hàng của Người lao động.","Hai bên thống_nhất mức lương chính là 20.000.000 VNĐ / tháng , thanh_toán vào ngày 10 hàng tháng qua tài_khoản ngân_hàng của Người lao_động .",1.0,SYNTHETIC_GENERATOR,0,0,0,0,0,0,0,0
CLAUSE_0333,LABOR,"Hai bên thống nhất mức lương chính là 20.000.000 VNĐ/tháng, thanh toán vào ngày 15 hàng tháng qua tài khoản ngân hàng của Người lao động.","Hai bên thống_nhất mức lương chính là 20.000.000 VNĐ / tháng , thanh_toán vào ngày 15 hàng tháng qua tài_khoản ngân_hàng của Người lao_động .",1.0,SYNTHETIC_GENERATOR,0,0,0,0,0,0,0,0
CLAUSE_0334,LABOR,"Hai bên thống nhất mức lương chính là 20.000.000 VNĐ/tháng, thanh toán vào ngày 25 hàng tháng qua tài khoản ngân hàng của Người lao động.","Hai bên thống_nhất mức lương chính là 20.000.000 VNĐ / tháng , thanh_toán vào ngày 25 hàng tháng qua tài_khoản ngân_hàng của Người lao_động .",1.0,SYNTHETIC_GENERATOR,0,0,0,0,0,0,0,0
CLAUSE_0335,LABOR,"Hai bên thống nhất mức lương chính là 20.000.000 VNĐ/tháng, thanh toán vào ngày 30 hàng tháng qua tài khoản ngân hàng của Người lao động.","Hai bên thống_nhất mức lương chính là 20.000.000 VNĐ / tháng , thanh_toán vào ngày 30 hàng tháng qua tài_khoản ngân_hàng của Người lao_động .",1.0,SYNTHETIC_GENERATOR,0,0,0,0,0,0,0,0
CLAUSE_0336,LABOR,"Hai bên thống nhất mức lương chính là 25.000.000 VNĐ/tháng, thanh toán vào ngày 01 hàng tháng qua tài khoản ngân hàng của Người lao động.","Hai bên thống_nhất mức lương chính là 25.000.000 VNĐ / tháng , thanh_toán vào ngày 01 hàng tháng qua tài_khoản ngân_hàng của Người lao_động .",1.0,SYNTHETIC_GENERATOR,0,0,0,0,0,0,0,0
CLAUSE_0337,LABOR,"Hai bên thống nhất mức lương chính là 25.000.000 VNĐ/tháng, thanh toán vào ngày 05 hàng tháng qua tài khoản ngân hàng của Người lao động.","Hai bên thống_nhất mức lương chính là 25.000.000 VNĐ / tháng , thanh_toán vào ngày 05 hàng tháng qua tài_khoản ngân_hàng của Người lao_động .",1.0,SYNTHETIC_GENERATOR,0,0,0,0,0,0,0,0
CLAUSE_0338,LABOR,"Hai bên thống nhất mức lương chính là 25.000.000 VNĐ/tháng, thanh toán vào ngày 10 hàng tháng qua tài khoản ngân hàng của Người lao động.","Hai bên thống_nhất mức lương chính là 25.000.000 VNĐ / tháng , thanh_toán vào ngày 10 hàng tháng qua tài_khoản ngân_hàng của Người lao_động .",1.0,SYNTHETIC_GENERATOR,0,0,0,0,0,0,0,0
CLAUSE_0339,LABOR,"Hai bên thống nhất mức lương chính là 25.000.000 VNĐ/tháng, thanh toán vào ngày 15 hàng tháng qua tài khoản ngân hàng của Người lao động.","Hai bên thống_nhất mức lương chính là 25.000.000 VNĐ / tháng , thanh_toán vào ngày 15 hàng tháng qua tài_khoản ngân_hàng của Người lao_động .",1.0,SYNTHETIC_GENERATOR,0,0,0,0,0,0,0,0
CLAUSE_0340,LABOR,"Hai bên thống nhất mức lương chính là 25.000.000 VNĐ/tháng, thanh toán vào ngày 25 hàng tháng qua tài khoản ngân hàng của Người lao động.","Hai bên thống_nhất mức lương chính là 25.000.000 VNĐ / tháng , thanh_toán vào ngày 25 hàng tháng qua tài_khoản ngân_hàng của Người lao_động .",1.0,SYNTHETIC_GENERATOR,0,0,0,0,0,0,0,0
CLAUSE_0341,LABOR,"Hai bên thống nhất mức lương chính là 25.000.000 VNĐ/tháng, thanh toán vào ngày 30 hàng tháng qua tài khoản ngân hàng của Người lao động.","Hai bên thống_nhất mức lương chính là 25.000.000 VNĐ / tháng , thanh_toán vào ngày 30 hàng tháng qua tài_khoản ngân_hàng của Người lao_động .",1.0,SYNTHETIC_GENERATOR,0,0,0,0,0,0,0,0
CLAUSE_0342,LABOR,"Hai bên thống nhất mức lương chính là 30.000.000 VNĐ/tháng, thanh toán vào ngày 01 hàng tháng qua tài khoản ngân hàng của Người lao động.","Hai bên thống_nhất mức lương chính là 30.000.000 VNĐ / tháng , thanh_toán vào ngày 01 hàng tháng qua tài_khoản ngân_hàng của Người lao_động .",1.0,SYNTHETIC_GENERATOR,0,0,0,0,0,0,0,0
CLAUSE_0343,LABOR,"Hai bên thống nhất mức lương chính là 30.000.000 VNĐ/tháng, thanh toán vào ngày 05 hàng tháng qua tài khoản ngân hàng của Người lao động.","Hai bên thống_nhất mức lương chính là 30.000.000 VNĐ / tháng , thanh_toán vào ngày 05 hàng tháng qua tài_khoản ngân_hàng của Người lao_động .",1.0,SYNTHETIC_GENERATOR,0,0,0,0,0,0,0,0
CLAUSE_0344,LABOR,"Hai bên thống nhất mức lương chính là 30.000.000 VNĐ/tháng, thanh toán vào ngày 10 hàng tháng qua tài khoản ngân hàng của Người lao động.","Hai bên thống_nhất mức lương chính là 30.000.000 VNĐ / tháng , thanh_toán vào ngày 10 hàng tháng qua tài_khoản ngân_hàng của Người lao_động .",1.0,SYNTHETIC_GENERATOR,0,0,0,0,0,0,0,0
CLAUSE_0345,LABOR,"Hai bên thống nhất mức lương chính là 30.000.000 VNĐ/tháng, thanh toán vào ngày 15 hàng tháng qua tài khoản ngân hàng của Người lao động.","Hai bên thống_nhất mức lương chính là 30.000.000 VNĐ / tháng , thanh_toán vào ngày 15 hàng tháng qua tài_khoản ngân_hàng của Người lao_động .",1.0,SYNTHETIC_GENERATOR,0,0,0,0,0,0,0,0
CLAUSE_0346,LABOR,"Hai bên thống nhất mức lương chính là 30.000.000 VNĐ/tháng, thanh toán vào ngày 25 hàng tháng qua tài khoản ngân hàng của Người lao động.","Hai bên thống_nhất mức lương chính là 30.000.000 VNĐ / tháng , thanh_toán vào ngày 25 hàng tháng qua tài_khoản ngân_hàng của Người lao_động .",1.0,SYNTHETIC_GENERATOR,0,0,0,0,0,0,0,0
CLAUSE_0347,LABOR,"Hai bên thống nhất mức lương chính là 30.000.000 VNĐ/tháng, thanh toán vào ngày 30 hàng tháng qua tài khoản ngân hàng của Người lao động.","Hai bên thống_nhất mức lương chính là 30.000.000 VNĐ / tháng , thanh_toán vào ngày 30 hàng tháng qua tài_khoản ngân_hàng của Người lao_động .",1.0,SYNTHETIC_GENERATOR,0,0,0,0,0,0,0,0
CLAUSE_0348,LABOR,"Hai bên thống nhất mức lương chính là 50.000.000 VNĐ/tháng, thanh toán vào ngày 01 hàng tháng qua tài khoản ngân hàng của Người lao động.","Hai bên thống_nhất mức lương chính là 50.000.000 VNĐ / tháng , thanh_toán vào ngày 01 hàng tháng qua tài_khoản ngân_hàng của Người lao_động .",1.0,SYNTHETIC_GENERATOR,0,0,0,0,0,0,0,0
CLAUSE_0349,LABOR,"Hai bên thống nhất mức lương chính là 50.000.000 VNĐ/tháng, thanh toán vào ngày 05 hàng tháng qua tài khoản ngân hàng của Người lao động.","Hai bên thống_nhất mức lương chính là 50.000.000 VNĐ / tháng , thanh_toán vào ngày 05 hàng tháng qua tài_khoản ngân_hàng của Người lao_động .",1.0,SYNTHETIC_GENERATOR,0,0,0,0,0,0,0,0
CLAUSE_0350,LABOR,"Hai bên thống nhất mức lương chính là 50.000.000 VNĐ/tháng, thanh toán vào ngày 10 hàng tháng qua tài khoản ngân hàng của Người lao động.","Hai bên thống_nhất mức lương chính là 50.000.000 VNĐ / tháng , thanh_toán vào ngày 10 hàng tháng qua tài_khoản ngân_hàng của Người lao_động .",1.0,SYNTHETIC_GENERATOR,0,0,0,0,0,0,0,0
CLAUSE_0351,LABOR,"Hai bên thống nhất mức lương chính là 50.000.000 VNĐ/tháng, thanh toán vào ngày 15 hàng tháng qua tài khoản ngân hàng của Người lao động.","Hai bên thống_nhất mức lương chính là 50.000.000 VNĐ / tháng , thanh_toán vào ngày 15 hàng tháng qua tài_khoản ngân_hàng của Người lao_động .",1.0,SYNTHETIC_GENERATOR,0,0,0,0,0,0,0,0
CLAUSE_0352,LABOR,"Hai bên thống nhất mức lương chính là 50.000.000 VNĐ/tháng, thanh toán vào ngày 25 hàng tháng qua tài khoản ngân hàng của Người lao động.","Hai bên thống_nhất mức lương chính là 50.000.000 VNĐ / tháng , thanh_toán vào ngày 25 hàng tháng qua tài_khoản ngân_hàng của Người lao_động .",1.0,SYNTHETIC_GENERATOR,0,0,0,0,0,0,0,0
CLAUSE_0353,LABOR,"Hai bên thống nhất mức lương chính là 50.000.000 VNĐ/tháng, thanh toán vào ngày 30 hàng tháng qua tài khoản ngân hàng của Người lao động.","Hai bên thống_nhất mức lương chính là 50.000.000 VNĐ / tháng , thanh_toán vào ngày 30 hàng tháng qua tài_khoản ngân_hàng của Người lao_động .",1.0,SYNTHETIC_GENERATOR,0,0,0,0,0,0,0,0
CLAUSE_0354,SALES,Mọi tranh chấp phát sinh từ hợp đồng này sẽ được hai bên ưu tiên giải quyết thông qua thương lượng. Nếu không thương lượng được thì sẽ đưa ra Tòa án nhân dân có thẩm quyền tại Hà Nội để giải quyết.,Mọi tranh_chấp phát_sinh từ hợp_đồng này sẽ được hai bên ưu_tiên giải_quyết thông_qua thương_lượng . Nếu không thương_lượng được thì sẽ đưa ra Tòa_án nhân_dân có thẩm_quyền tại Hà_Nội để giải_quyết .,1.0,SYNTHETIC_GENERATOR,0,0,0,0,0,0,0,0
CLAUSE_0355,SALES,Mọi tranh chấp phát sinh từ hợp đồng này sẽ được hai bên ưu tiên giải quyết thông qua thương lượng. Nếu không thương lượng được thì sẽ đưa ra Tòa án nhân dân có thẩm quyền tại TP. Hồ Chí Minh để giải quyết.,Mọi tranh_chấp phát_sinh từ hợp_đồng này sẽ được hai bên ưu_tiên giải_quyết thông_qua thương_lượng . Nếu không thương_lượng được thì sẽ đưa ra Tòa_án nhân_dân có thẩm_quyền tại TP. Hồ_Chí_Minh để giải_quyết .,1.0,SYNTHETIC_GENERATOR,0,0,0,0,0,0,0,0
CLAUSE_0356,SALES,Mọi tranh chấp phát sinh từ hợp đồng này sẽ được hai bên ưu tiên giải quyết thông qua thương lượng. Nếu không thương lượng được thì sẽ đưa ra Tòa án nhân dân có thẩm quyền tại Đà Nẵng để giải quyết.,Mọi tranh_chấp phát_sinh từ hợp_đồng này sẽ được hai bên ưu_tiên giải_quyết thông_qua thương_lượng . Nếu không thương_lượng được thì sẽ đưa ra Tòa_án nhân_dân có thẩm_quyền tại Đà_Nẵng để giải_quyết .,1.0,SYNTHETIC_GENERATOR,0,0,0,0,0,0,0,0
CLAUSE_0357,SALES,Mọi tranh chấp phát sinh từ hợp đồng này sẽ được hai bên ưu tiên giải quyết thông qua thương lượng. Nếu không thương lượng được thì sẽ đưa ra Tòa án nhân dân có thẩm quyền tại Hải Phòng để giải quyết.,Mọi tranh_chấp phát_sinh từ hợp_đồng này sẽ được hai bên ưu_tiên giải_quyết thông_qua thương_lượng . Nếu không thương_lượng được thì sẽ đưa ra Tòa_án nhân_dân có thẩm_quyền tại Hải_Phòng để giải_quyết .,1.0,SYNTHETIC_GENERATOR,0,0,0,0,0,0,0,0
CLAUSE_0358,SALES,Mọi tranh chấp phát sinh từ hợp đồng này sẽ được hai bên ưu tiên giải quyết thông qua thương lượng. Nếu không thương lượng được thì sẽ đưa ra Tòa án nhân dân có thẩm quyền tại Cần Thơ để giải quyết.,Mọi tranh_chấp phát_sinh từ hợp_đồng này sẽ được hai bên ưu_tiên giải_quyết thông_qua thương_lượng . Nếu không thương_lượng được thì sẽ đưa ra Tòa_án nhân_dân có thẩm_quyền tại Cần_Thơ để giải_quyết .,1.0,SYNTHETIC_GENERATOR,0,0,0,0,0,0,0,0
CLAUSE_0359,SALES,Mọi tranh chấp phát sinh từ hợp đồng này sẽ được hai bên ưu tiên giải quyết thông qua thương lượng. Nếu không thương lượng được thì sẽ đưa ra Tòa án nhân dân có thẩm quyền tại Bình Dương để giải quyết.,Mọi tranh_chấp phát_sinh từ hợp_đồng này sẽ được hai bên ưu_tiên giải_quyết thông_qua thương_lượng . Nếu không thương_lượng được thì sẽ đưa ra Tòa_án nhân_dân có thẩm_quyền tại Bình_Dương để giải_quyết .,1.0,SYNTHETIC_GENERATOR,0,0,0,0,0,0,0,0
CLAUSE_0360,SALES,Mọi tranh chấp phát sinh từ hợp đồng này sẽ được hai bên ưu tiên giải quyết thông qua thương lượng. Nếu không thương lượng được thì sẽ đưa ra Tòa án nhân dân có thẩm quyền tại Đồng Nai để giải quyết.,Mọi tranh_chấp phát_sinh từ hợp_đồng này sẽ được hai bên ưu_tiên giải_quyết thông_qua thương_lượng . Nếu không thương_lượng được thì sẽ đưa ra Tòa_án nhân_dân có thẩm_quyền tại Đồng_Nai để giải_quyết .,1.0,SYNTHETIC_GENERATOR,0,0,0,0,0,0,0,0
CLAUSE_0361,SALES,Mọi tranh chấp phát sinh từ hợp đồng này sẽ được hai bên ưu tiên giải quyết thông qua thương lượng. Nếu không thương lượng được thì sẽ đưa ra Tòa án nhân dân có thẩm quyền tại Quảng Ninh để giải quyết.,Mọi tranh_chấp phát_sinh từ hợp_đồng này sẽ được hai bên ưu_tiên giải_quyết thông_qua thương_lượng . Nếu không thương_lượng được thì sẽ đưa ra Tòa_án nhân_dân có thẩm_quyền tại Quảng_Ninh để giải_quyết .,1.0,SYNTHETIC_GENERATOR,0,0,0,0,0,0,0,0
CLAUSE_0362,LEASE,Bên Cho Thuê cam kết bàn giao căn nhà đúng tình trạng mô tả tại Phụ lục hợp đồng và bảo đảm quyền sử dụng ổn định cho Bên Thuê trong suốt thời hạn hợp đồng.,Bên Cho Thuê cam_kết bàn_giao căn nhà đúng tình_trạng mô_tả tại Phụ_lục hợp_đồng và bảo_đảm quyền sử_dụng ổn_định cho Bên Thuê trong suốt thời_hạn hợp_đồng .,1.0,SYNTHETIC_GENERATOR,0,0,0,0,0,0,0,0
CLAUSE_0363,LEASE,Bên Cho Thuê cam kết bàn giao căn nhà đúng tình trạng mô tả tại Phụ lục hợp đồng và bảo đảm quyền sử dụng ổn định cho Bên Thuê trong suốt thời hạn hợp đồng.,Bên Cho Thuê cam_kết bàn_giao căn nhà đúng tình_trạng mô_tả tại Phụ_lục hợp_đồng và bảo_đảm quyền sử_dụng ổn_định cho Bên Thuê trong suốt thời_hạn hợp_đồng .,1.0,SYNTHETIC_GENERATOR,0,0,0,0,0,0,0,0
CLAUSE_0364,LEASE,Bên Cho Thuê cam kết bàn giao căn nhà đúng tình trạng mô tả tại Phụ lục hợp đồng và bảo đảm quyền sử dụng ổn định cho Bên Thuê trong suốt thời hạn hợp đồng.,Bên Cho Thuê cam_kết bàn_giao căn nhà đúng tình_trạng mô_tả tại Phụ_lục hợp_đồng và bảo_đảm quyền sử_dụng ổn_định cho Bên Thuê trong suốt thời_hạn hợp_đồng .,1.0,SYNTHETIC_GENERATOR,0,0,0,0,0,0,0,0
CLAUSE_0365,LEASE,Bên Cho Thuê cam kết bàn giao căn nhà đúng tình trạng mô tả tại Phụ lục hợp đồng và bảo đảm quyền sử dụng ổn định cho Bên Thuê trong suốt thời hạn hợp đồng.,Bên Cho Thuê cam_kết bàn_giao căn nhà đúng tình_trạng mô_tả tại Phụ_lục hợp_đồng và bảo_đảm quyền sử_dụng ổn_định cho Bên Thuê trong suốt thời_hạn hợp_đồng .,1.0,SYNTHETIC_GENERATOR,0,0,0,0,0,0,0,0
CLAUSE_0366,LEASE,Bên Cho Thuê cam kết bàn giao căn nhà đúng tình trạng mô tả tại Phụ lục hợp đồng và bảo đảm quyền sử dụng ổn định cho Bên Thuê trong suốt thời hạn hợp đồng.,Bên Cho Thuê cam_kết bàn_giao căn nhà đúng tình_trạng mô_tả tại Phụ_lục hợp_đồng và bảo_đảm quyền sử_dụng ổn_định cho Bên Thuê trong suốt thời_hạn hợp_đồng .,1.0,SYNTHETIC_GENERATOR,0,0,0,0,0,0,0,0
CLAUSE_0367,LEASE,Bên Cho Thuê cam kết bàn giao căn nhà đúng tình trạng mô tả tại Phụ lục hợp đồng và bảo đảm quyền sử dụng ổn định cho Bên Thuê trong suốt thời hạn hợp đồng.,Bên Cho Thuê cam_kết bàn_giao căn nhà đúng tình_trạng mô_tả tại Phụ_lục hợp_đồng và bảo_đảm quyền sử_dụng ổn_định cho Bên Thuê trong suốt thời_hạn hợp_đồng .,1.0,SYNTHETIC_GENERATOR,0,0,0,0,0,0,0,0
CLAUSE_0368,LEASE,Bên Cho Thuê cam kết bàn giao căn nhà đúng tình trạng mô tả tại Phụ lục hợp đồng và bảo đảm quyền sử dụng ổn định cho Bên Thuê trong suốt thời hạn hợp đồng.,Bên Cho Thuê cam_kết bàn_giao căn nhà đúng tình_trạng mô_tả tại Phụ_lục hợp_đồng và bảo_đảm quyền sử_dụng ổn_định cho Bên Thuê trong suốt thời_hạn hợp_đồng .,1.0,SYNTHETIC_GENERATOR,0,0,0,0,0,0,0,0
CLAUSE_0369,LEASE,Bên Cho Thuê cam kết bàn giao căn nhà đúng tình trạng mô tả tại Phụ lục hợp đồng và bảo đảm quyền sử dụng ổn định cho Bên Thuê trong suốt thời hạn hợp đồng.,Bên Cho Thuê cam_kết bàn_giao căn nhà đúng tình_trạng mô_tả tại Phụ_lục hợp_đồng và bảo_đảm quyền sử_dụng ổn_định cho Bên Thuê trong suốt thời_hạn hợp_đồng .,1.0,SYNTHETIC_GENERATOR,0,0,0,0,0,0,0,0
CLAUSE_0370,LEASE,Bên Cho Thuê cam kết bàn giao căn nhà đúng tình trạng mô tả tại Phụ lục hợp đồng và bảo đảm quyền sử dụng ổn định cho Bên Thuê trong suốt thời hạn hợp đồng.,Bên Cho Thuê cam_kết bàn_giao căn nhà đúng tình_trạng mô_tả tại Phụ_lục hợp_đồng và bảo_đảm quyền sử_dụng ổn_định cho Bên Thuê trong suốt thời_hạn hợp_đồng .,1.0,SYNTHETIC_GENERATOR,0,0,0,0,0,0,0,0
CLAUSE_0371,LEASE,Bên Cho Thuê cam kết bàn giao căn nhà đúng tình trạng mô tả tại Phụ lục hợp đồng và bảo đảm quyền sử dụng ổn định cho Bên Thuê trong suốt thời hạn hợp đồng.,Bên Cho Thuê cam_kết bàn_giao căn nhà đúng tình_trạng mô_tả tại Phụ_lục hợp_đồng và bảo_đảm quyền sử_dụng ổn_định cho Bên Thuê trong suốt thời_hạn hợp_đồng .,1.0,SYNTHETIC_GENERATOR,0,0,0,0,0,0,0,0
CLAUSE_0372,LEASE,Bên Cho Thuê cam kết bàn giao căn nhà đúng tình trạng mô tả tại Phụ lục hợp đồng và bảo đảm quyền sử dụng ổn định cho Bên Thuê trong suốt thời hạn hợp đồng.,Bên Cho Thuê cam_kết bàn_giao căn nhà đúng tình_trạng mô_tả tại Phụ_lục hợp_đồng và bảo_đảm quyền sử_dụng ổn_định cho Bên Thuê trong suốt thời_hạn hợp_đồng .,1.0,SYNTHETIC_GENERATOR,0,0,0,0,0,0,0,0
CLAUSE_0373,LEASE,Bên Cho Thuê cam kết bàn giao căn nhà đúng tình trạng mô tả tại Phụ lục hợp đồng và bảo đảm quyền sử dụng ổn định cho Bên Thuê trong suốt thời hạn hợp đồng.,Bên Cho Thuê cam_kết bàn_giao căn nhà đúng tình_trạng mô_tả tại Phụ_lục hợp_đồng và bảo_đảm quyền sử_dụng ổn_định cho Bên Thuê trong suốt thời_hạn hợp_đồng .,1.0,SYNTHETIC_GENERATOR,0,0,0,0,0,0,0,0
CLAUSE_0374,LEASE,Bên Cho Thuê cam kết bàn giao căn nhà đúng tình trạng mô tả tại Phụ lục hợp đồng và bảo đảm quyền sử dụng ổn định cho Bên Thuê trong suốt thời hạn hợp đồng.,Bên Cho Thuê cam_kết bàn_giao căn nhà đúng tình_trạng mô_tả tại Phụ_lục hợp_đồng và bảo_đảm quyền sử_dụng ổn_định cho Bên Thuê trong suốt thời_hạn hợp_đồng .,1.0,SYNTHETIC_GENERATOR,0,0,0,0,0,0,0,0
CLAUSE_0375,LEASE,Bên Cho Thuê cam kết bàn giao căn nhà đúng tình trạng mô tả tại Phụ lục hợp đồng và bảo đảm quyền sử dụng ổn định cho Bên Thuê trong suốt thời hạn hợp đồng.,Bên Cho Thuê cam_kết bàn_giao căn nhà đúng tình_trạng mô_tả tại Phụ_lục hợp_đồng và bảo_đảm quyền sử_dụng ổn_định cho Bên Thuê trong suốt thời_hạn hợp_đồng .,1.0,SYNTHETIC_GENERATOR,0,0,0,0,0,0,0,0
CLAUSE_0376,LEASE,Bên Cho Thuê cam kết bàn giao căn nhà đúng tình trạng mô tả tại Phụ lục hợp đồng và bảo đảm quyền sử dụng ổn định cho Bên Thuê trong suốt thời hạn hợp đồng.,Bên Cho Thuê cam_kết bàn_giao căn nhà đúng tình_trạng mô_tả tại Phụ_lục hợp_đồng và bảo_đảm quyền sử_dụng ổn_định cho Bên Thuê trong suốt thời_hạn hợp_đồng .,1.0,SYNTHETIC_GENERATOR,0,0,0,0,0,0,0,0
CLAUSE_0377,LEASE,Bên Cho Thuê cam kết bàn giao căn nhà đúng tình trạng mô tả tại Phụ lục hợp đồng và bảo đảm quyền sử dụng ổn định cho Bên Thuê trong suốt thời hạn hợp đồng.,Bên Cho Thuê cam_kết bàn_giao căn nhà đúng tình_trạng mô_tả tại Phụ_lục hợp_đồng và bảo_đảm quyền sử_dụng ổn_định cho Bên Thuê trong suốt thời_hạn hợp_đồng .,1.0,SYNTHETIC_GENERATOR,0,0,0,0,0,0,0,0
CLAUSE_0378,LEASE,Bên Cho Thuê cam kết bàn giao căn nhà đúng tình trạng mô tả tại Phụ lục hợp đồng và bảo đảm quyền sử dụng ổn định cho Bên Thuê trong suốt thời hạn hợp đồng.,Bên Cho Thuê cam_kết bàn_giao căn nhà đúng tình_trạng mô_tả tại Phụ_lục hợp_đồng và bảo_đảm quyền sử_dụng ổn_định cho Bên Thuê trong suốt thời_hạn hợp_đồng .,1.0,SYNTHETIC_GENERATOR,0,0,0,0,0,0,0,0
CLAUSE_0379,LEASE,Bên Cho Thuê cam kết bàn giao căn nhà đúng tình trạng mô tả tại Phụ lục hợp đồng và bảo đảm quyền sử dụng ổn định cho Bên Thuê trong suốt thời hạn hợp đồng.,Bên Cho Thuê cam_kết bàn_giao căn nhà đúng tình_trạng mô_tả tại Phụ_lục hợp_đồng và bảo_đảm quyền sử_dụng ổn_định cho Bên Thuê trong suốt thời_hạn hợp_đồng .,1.0,SYNTHETIC_GENERATOR,0,0,0,0,0,0,0,0
CLAUSE_0380,LEASE,Bên Cho Thuê cam kết bàn giao căn nhà đúng tình trạng mô tả tại Phụ lục hợp đồng và bảo đảm quyền sử dụng ổn định cho Bên Thuê trong suốt thời hạn hợp đồng.,Bên Cho Thuê cam_kết bàn_giao căn nhà đúng tình_trạng mô_tả tại Phụ_lục hợp_đồng và bảo_đảm quyền sử_dụng ổn_định cho Bên Thuê trong suốt thời_hạn hợp_đồng .,1.0,SYNTHETIC_GENERATOR,0,0,0,0,0,0,0,0
CLAUSE_0381,LEASE,Bên Cho Thuê cam kết bàn giao căn nhà đúng tình trạng mô tả tại Phụ lục hợp đồng và bảo đảm quyền sử dụng ổn định cho Bên Thuê trong suốt thời hạn hợp đồng.,Bên Cho Thuê cam_kết bàn_giao căn nhà đúng tình_trạng mô_tả tại Phụ_lục hợp_đồng và bảo_đảm quyền sử_dụng ổn_định cho Bên Thuê trong suốt thời_hạn hợp_đồng .,1.0,SYNTHETIC_GENERATOR,0,0,0,0,0,0,0,0
CLAUSE_0382,SERVICE,"Khi xảy ra sự kiện bất khả kháng như thiên tai, hỏa hoạn, dịch bệnh theo công bố của cơ quan nhà nước, bên bị ảnh hưởng phải thông báo cho bên kia trong vòng 3 ngày làm việc và được miễn trách nhiệm chậm thực hiện nghĩa vụ.","Khi xảy ra sự_kiện bất_khả_kháng như thiên_tai , hỏa_hoạn , dịch_bệnh theo công_bố của cơ_quan nhà_nước , bên bị ảnh_hưởng phải thông_báo cho bên kia trong vòng 3 ngày làm_việc và được miễn trách_nhiệm chậm thực_hiện nghĩa_vụ .",1.0,SYNTHETIC_GENERATOR,0,0,0,0,0,0,0,0
CLAUSE_0383,SERVICE,"Khi xảy ra sự kiện bất khả kháng như thiên tai, hỏa hoạn, dịch bệnh theo công bố của cơ quan nhà nước, bên bị ảnh hưởng phải thông báo cho bên kia trong vòng 5 ngày làm việc và được miễn trách nhiệm chậm thực hiện nghĩa vụ.","Khi xảy ra sự_kiện bất_khả_kháng như thiên_tai , hỏa_hoạn , dịch_bệnh theo công_bố của cơ_quan nhà_nước , bên bị ảnh_hưởng phải thông_báo cho bên kia trong vòng 5 ngày làm_việc và được miễn trách_nhiệm chậm thực_hiện nghĩa_vụ .",1.0,SYNTHETIC_GENERATOR,0,0,0,0,0,0,0,0
CLAUSE_0384,SERVICE,"Khi xảy ra sự kiện bất khả kháng như thiên tai, hỏa hoạn, dịch bệnh theo công bố của cơ quan nhà nước, bên bị ảnh hưởng phải thông báo cho bên kia trong vòng 7 ngày làm việc và được miễn trách nhiệm chậm thực hiện nghĩa vụ.","Khi xảy ra sự_kiện bất_khả_kháng như thiên_tai , hỏa_hoạn , dịch_bệnh theo công_bố của cơ_quan nhà_nước , bên bị ảnh_hưởng phải thông_báo cho bên kia trong vòng 7 ngày làm_việc và được miễn trách_nhiệm chậm thực_hiện nghĩa_vụ .",1.0,SYNTHETIC_GENERATOR,0,0,0,0,0,0,0,0
CLAUSE_0385,SERVICE,"Khi xảy ra sự kiện bất khả kháng như thiên tai, hỏa hoạn, dịch bệnh theo công bố của cơ quan nhà nước, bên bị ảnh hưởng phải thông báo cho bên kia trong vòng 10 ngày làm việc và được miễn trách nhiệm chậm thực hiện nghĩa vụ.","Khi xảy ra sự_kiện bất_khả_kháng như thiên_tai , hỏa_hoạn , dịch_bệnh theo công_bố của cơ_quan nhà_nước , bên bị ảnh_hưởng phải thông_báo cho bên kia trong vòng 10 ngày làm_việc và được miễn trách_nhiệm chậm thực_hiện nghĩa_vụ .",1.0,SYNTHETIC_GENERATOR,0,0,0,0,0,0,0,0
CLAUSE_0386,SERVICE,"Khi xảy ra sự kiện bất khả kháng như thiên tai, hỏa hoạn, dịch bệnh theo công bố của cơ quan nhà nước, bên bị ảnh hưởng phải thông báo cho bên kia trong vòng 14 ngày làm việc và được miễn trách nhiệm chậm thực hiện nghĩa vụ.","Khi xảy ra sự_kiện bất_khả_kháng như thiên_tai , hỏa_hoạn , dịch_bệnh theo công_bố của cơ_quan nhà_nước , bên bị ảnh_hưởng phải thông_báo cho bên kia trong vòng 14 ngày làm_việc và được miễn trách_nhiệm chậm thực_hiện nghĩa_vụ .",1.0,SYNTHETIC_GENERATOR,0,0,0,0,0,0,0,0
CLAUSE_0387,SERVICE,"Khi xảy ra sự kiện bất khả kháng như thiên tai, hỏa hoạn, dịch bệnh theo công bố của cơ quan nhà nước, bên bị ảnh hưởng phải thông báo cho bên kia trong vòng 30 ngày làm việc và được miễn trách nhiệm chậm thực hiện nghĩa vụ.","Khi xảy ra sự_kiện bất_khả_kháng như thiên_tai , hỏa_hoạn , dịch_bệnh theo công_bố của cơ_quan nhà_nước , bên bị ảnh_hưởng phải thông_báo cho bên kia trong vòng 30 ngày làm_việc và được miễn trách_nhiệm chậm thực_hiện nghĩa_vụ .",1.0,SYNTHETIC_GENERATOR,0,0,0,0,0,0,0,0
CLAUSE_0388,SALES,"Trong trường hợp Bên B vi phạm thời hạn giao hàng quá 1 ngày, Bên B phải chịu phạt vi phạm bằng 20% tổng giá trị hợp đồng và bồi thường 50% giá trị lô hàng.","Trong trường_hợp Bên B vi_phạm thời_hạn giao hàng quá 1 ngày , Bên B phải chịu phạt vi_phạm bằng 20 % tổng giá_trị hợp_đồng và bồi_thường 50 % giá_trị lô hàng .",1.0,SYNTHETIC_GENERATOR,1,0,0,0,0,0,0,0
CLAUSE_0389,SALES,"Trong trường hợp Bên B vi phạm thời hạn giao hàng quá 1 ngày, Bên B phải chịu phạt vi phạm bằng 20% tổng giá trị hợp đồng và bồi thường 100% giá trị lô hàng.","Trong trường_hợp Bên B vi_phạm thời_hạn giao hàng quá 1 ngày , Bên B phải chịu phạt vi_phạm bằng 20 % tổng giá_trị hợp_đồng và bồi_thường 100 % giá_trị lô hàng .",1.0,SYNTHETIC_GENERATOR,1,0,0,0,0,0,0,0
CLAUSE_0390,SALES,"Trong trường hợp Bên B vi phạm thời hạn giao hàng quá 1 ngày, Bên B phải chịu phạt vi phạm bằng 20% tổng giá trị hợp đồng và bồi thường 150% giá trị lô hàng.","Trong trường_hợp Bên B vi_phạm thời_hạn giao hàng quá 1 ngày , Bên B phải chịu phạt vi_phạm bằng 20 % tổng giá_trị hợp_đồng và bồi_thường 150 % giá_trị lô hàng .",1.0,SYNTHETIC_GENERATOR,1,0,0,0,0,0,0,0
CLAUSE_0391,SALES,"Trong trường hợp Bên B vi phạm thời hạn giao hàng quá 1 ngày, Bên B phải chịu phạt vi phạm bằng 25% tổng giá trị hợp đồng và bồi thường 50% giá trị lô hàng.","Trong trường_hợp Bên B vi_phạm thời_hạn giao hàng quá 1 ngày , Bên B phải chịu phạt vi_phạm bằng 25 % tổng giá_trị hợp_đồng và bồi_thường 50 % giá_trị lô hàng .",1.0,SYNTHETIC_GENERATOR,1,0,0,0,0,0,0,0
CLAUSE_0392,SALES,"Trong trường hợp Bên B vi phạm thời hạn giao hàng quá 1 ngày, Bên B phải chịu phạt vi phạm bằng 25% tổng giá trị hợp đồng và bồi thường 100% giá trị lô hàng.","Trong trường_hợp Bên B vi_phạm thời_hạn giao hàng quá 1 ngày , Bên B phải chịu phạt vi_phạm bằng 25 % tổng giá_trị hợp_đồng và bồi_thường 100 % giá_trị lô hàng .",1.0,SYNTHETIC_GENERATOR,1,0,0,0,0,0,0,0
CLAUSE_0393,SALES,"Trong trường hợp Bên B vi phạm thời hạn giao hàng quá 1 ngày, Bên B phải chịu phạt vi phạm bằng 25% tổng giá trị hợp đồng và bồi thường 150% giá trị lô hàng.","Trong trường_hợp Bên B vi_phạm thời_hạn giao hàng quá 1 ngày , Bên B phải chịu phạt vi_phạm bằng 25 % tổng giá_trị hợp_đồng và bồi_thường 150 % giá_trị lô hàng .",1.0,SYNTHETIC_GENERATOR,1,0,0,0,0,0,0,0
CLAUSE_0394,SALES,"Trong trường hợp Bên B vi phạm thời hạn giao hàng quá 1 ngày, Bên B phải chịu phạt vi phạm bằng 30% tổng giá trị hợp đồng và bồi thường 50% giá trị lô hàng.","Trong trường_hợp Bên B vi_phạm thời_hạn giao hàng quá 1 ngày , Bên B phải chịu phạt vi_phạm bằng 30 % tổng giá_trị hợp_đồng và bồi_thường 50 % giá_trị lô hàng .",1.0,SYNTHETIC_GENERATOR,1,0,0,0,0,0,0,0
CLAUSE_0395,SALES,"Trong trường hợp Bên B vi phạm thời hạn giao hàng quá 1 ngày, Bên B phải chịu phạt vi phạm bằng 30% tổng giá trị hợp đồng và bồi thường 100% giá trị lô hàng.","Trong trường_hợp Bên B vi_phạm thời_hạn giao hàng quá 1 ngày , Bên B phải chịu phạt vi_phạm bằng 30 % tổng giá_trị hợp_đồng và bồi_thường 100 % giá_trị lô hàng .",1.0,SYNTHETIC_GENERATOR,1,0,0,0,0,0,0,0
CLAUSE_0396,SALES,"Trong trường hợp Bên B vi phạm thời hạn giao hàng quá 1 ngày, Bên B phải chịu phạt vi phạm bằng 30% tổng giá trị hợp đồng và bồi thường 150% giá trị lô hàng.","Trong trường_hợp Bên B vi_phạm thời_hạn giao hàng quá 1 ngày , Bên B phải chịu phạt vi_phạm bằng 30 % tổng giá_trị hợp_đồng và bồi_thường 150 % giá_trị lô hàng .",1.0,SYNTHETIC_GENERATOR,1,0,0,0,0,0,0,0
CLAUSE_0397,SALES,"Trong trường hợp Bên B vi phạm thời hạn giao hàng quá 1 ngày, Bên B phải chịu phạt vi phạm bằng 40% tổng giá trị hợp đồng và bồi thường 50% giá trị lô hàng.","Trong trường_hợp Bên B vi_phạm thời_hạn giao hàng quá 1 ngày , Bên B phải chịu phạt vi_phạm bằng 40 % tổng giá_trị hợp_đồng và bồi_thường 50 % giá_trị lô hàng .",1.0,SYNTHETIC_GENERATOR,1,0,0,0,0,0,0,0
CLAUSE_0398,SALES,"Trong trường hợp Bên B vi phạm thời hạn giao hàng quá 1 ngày, Bên B phải chịu phạt vi phạm bằng 40% tổng giá trị hợp đồng và bồi thường 100% giá trị lô hàng.","Trong trường_hợp Bên B vi_phạm thời_hạn giao hàng quá 1 ngày , Bên B phải chịu phạt vi_phạm bằng 40 % tổng giá_trị hợp_đồng và bồi_thường 100 % giá_trị lô hàng .",1.0,SYNTHETIC_GENERATOR,1,0,0,0,0,0,0,0
CLAUSE_0399,SALES,"Trong trường hợp Bên B vi phạm thời hạn giao hàng quá 1 ngày, Bên B phải chịu phạt vi phạm bằng 40% tổng giá trị hợp đồng và bồi thường 150% giá trị lô hàng.","Trong trường_hợp Bên B vi_phạm thời_hạn giao hàng quá 1 ngày , Bên B phải chịu phạt vi_phạm bằng 40 % tổng giá_trị hợp_đồng và bồi_thường 150 % giá_trị lô hàng .",1.0,SYNTHETIC_GENERATOR,1,0,0,0,0,0,0,0
CLAUSE_0400,SALES,"Trong trường hợp Bên B vi phạm thời hạn giao hàng quá 1 ngày, Bên B phải chịu phạt vi phạm bằng 50% tổng giá trị hợp đồng và bồi thường 50% giá trị lô hàng.","Trong trường_hợp Bên B vi_phạm thời_hạn giao hàng quá 1 ngày , Bên B phải chịu phạt vi_phạm bằng 50 % tổng giá_trị hợp_đồng và bồi_thường 50 % giá_trị lô hàng .",1.0,SYNTHETIC_GENERATOR,1,0,0,0,0,0,0,0
CLAUSE_0401,SALES,"Trong trường hợp Bên B vi phạm thời hạn giao hàng quá 1 ngày, Bên B phải chịu phạt vi phạm bằng 50% tổng giá trị hợp đồng và bồi thường 100% giá trị lô hàng.","Trong trường_hợp Bên B vi_phạm thời_hạn giao hàng quá 1 ngày , Bên B phải chịu phạt vi_phạm bằng 50 % tổng giá_trị hợp_đồng và bồi_thường 100 % giá_trị lô hàng .",1.0,SYNTHETIC_GENERATOR,1,0,0,0,0,0,0,0
CLAUSE_0402,SALES,"Trong trường hợp Bên B vi phạm thời hạn giao hàng quá 1 ngày, Bên B phải chịu phạt vi phạm bằng 50% tổng giá trị hợp đồng và bồi thường 150% giá trị lô hàng.","Trong trường_hợp Bên B vi_phạm thời_hạn giao hàng quá 1 ngày , Bên B phải chịu phạt vi_phạm bằng 50 % tổng giá_trị hợp_đồng và bồi_thường 150 % giá_trị lô hàng .",1.0,SYNTHETIC_GENERATOR,1,0,0,0,0,0,0,0
CLAUSE_0403,SALES,"Trong trường hợp Bên B vi phạm thời hạn giao hàng quá 2 ngày, Bên B phải chịu phạt vi phạm bằng 20% tổng giá trị hợp đồng và bồi thường 50% giá trị lô hàng.","Trong trường_hợp Bên B vi_phạm thời_hạn giao hàng quá 2 ngày , Bên B phải chịu phạt vi_phạm bằng 20 % tổng giá_trị hợp_đồng và bồi_thường 50 % giá_trị lô hàng .",1.0,SYNTHETIC_GENERATOR,1,0,0,0,0,0,0,0
CLAUSE_0404,SALES,"Trong trường hợp Bên B vi phạm thời hạn giao hàng quá 2 ngày, Bên B phải chịu phạt vi phạm bằng 20% tổng giá trị hợp đồng và bồi thường 100% giá trị lô hàng.","Trong trường_hợp Bên B vi_phạm thời_hạn giao hàng quá 2 ngày , Bên B phải chịu phạt vi_phạm bằng 20 % tổng giá_trị hợp_đồng và bồi_thường 100 % giá_trị lô hàng .",1.0,SYNTHETIC_GENERATOR,1,0,0,0,0,0,0,0
CLAUSE_0405,SALES,"Trong trường hợp Bên B vi phạm thời hạn giao hàng quá 2 ngày, Bên B phải chịu phạt vi phạm bằng 20% tổng giá trị hợp đồng và bồi thường 150% giá trị lô hàng.","Trong trường_hợp Bên B vi_phạm thời_hạn giao hàng quá 2 ngày , Bên B phải chịu phạt vi_phạm bằng 20 % tổng giá_trị hợp_đồng và bồi_thường 150 % giá_trị lô hàng .",1.0,SYNTHETIC_GENERATOR,1,0,0,0,0,0,0,0
CLAUSE_0406,SALES,"Trong trường hợp Bên B vi phạm thời hạn giao hàng quá 2 ngày, Bên B phải chịu phạt vi phạm bằng 25% tổng giá trị hợp đồng và bồi thường 50% giá trị lô hàng.","Trong trường_hợp Bên B vi_phạm thời_hạn giao hàng quá 2 ngày , Bên B phải chịu phạt vi_phạm bằng 25 % tổng giá_trị hợp_đồng và bồi_thường 50 % giá_trị lô hàng .",1.0,SYNTHETIC_GENERATOR,1,0,0,0,0,0,0,0
CLAUSE_0407,SALES,"Trong trường hợp Bên B vi phạm thời hạn giao hàng quá 2 ngày, Bên B phải chịu phạt vi phạm bằng 25% tổng giá trị hợp đồng và bồi thường 100% giá trị lô hàng.","Trong trường_hợp Bên B vi_phạm thời_hạn giao hàng quá 2 ngày , Bên B phải chịu phạt vi_phạm bằng 25 % tổng giá_trị hợp_đồng và bồi_thường 100 % giá_trị lô hàng .",1.0,SYNTHETIC_GENERATOR,1,0,0,0,0,0,0,0
CLAUSE_0408,SALES,"Trong trường hợp Bên B vi phạm thời hạn giao hàng quá 2 ngày, Bên B phải chịu phạt vi phạm bằng 25% tổng giá trị hợp đồng và bồi thường 150% giá trị lô hàng.","Trong trường_hợp Bên B vi_phạm thời_hạn giao hàng quá 2 ngày , Bên B phải chịu phạt vi_phạm bằng 25 % tổng giá_trị hợp_đồng và bồi_thường 150 % giá_trị lô hàng .",1.0,SYNTHETIC_GENERATOR,1,0,0,0,0,0,0,0
CLAUSE_0409,SALES,"Trong trường hợp Bên B vi phạm thời hạn giao hàng quá 2 ngày, Bên B phải chịu phạt vi phạm bằng 30% tổng giá trị hợp đồng và bồi thường 50% giá trị lô hàng.","Trong trường_hợp Bên B vi_phạm thời_hạn giao hàng quá 2 ngày , Bên B phải chịu phạt vi_phạm bằng 30 % tổng giá_trị hợp_đồng và bồi_thường 50 % giá_trị lô hàng .",1.0,SYNTHETIC_GENERATOR,1,0,0,0,0,0,0,0
CLAUSE_0410,SALES,"Trong trường hợp Bên B vi phạm thời hạn giao hàng quá 2 ngày, Bên B phải chịu phạt vi phạm bằng 30% tổng giá trị hợp đồng và bồi thường 100% giá trị lô hàng.","Trong trường_hợp Bên B vi_phạm thời_hạn giao hàng quá 2 ngày , Bên B phải chịu phạt vi_phạm bằng 30 % tổng giá_trị hợp_đồng và bồi_thường 100 % giá_trị lô hàng .",1.0,SYNTHETIC_GENERATOR,1,0,0,0,0,0,0,0
CLAUSE_0411,SALES,"Trong trường hợp Bên B vi phạm thời hạn giao hàng quá 2 ngày, Bên B phải chịu phạt vi phạm bằng 30% tổng giá trị hợp đồng và bồi thường 150% giá trị lô hàng.","Trong trường_hợp Bên B vi_phạm thời_hạn giao hàng quá 2 ngày , Bên B phải chịu phạt vi_phạm bằng 30 % tổng giá_trị hợp_đồng và bồi_thường 150 % giá_trị lô hàng .",1.0,SYNTHETIC_GENERATOR,1,0,0,0,0,0,0,0
CLAUSE_0412,SALES,"Trong trường hợp Bên B vi phạm thời hạn giao hàng quá 2 ngày, Bên B phải chịu phạt vi phạm bằng 40% tổng giá trị hợp đồng và bồi thường 50% giá trị lô hàng.","Trong trường_hợp Bên B vi_phạm thời_hạn giao hàng quá 2 ngày , Bên B phải chịu phạt vi_phạm bằng 40 % tổng giá_trị hợp_đồng và bồi_thường 50 % giá_trị lô hàng .",1.0,SYNTHETIC_GENERATOR,1,0,0,0,0,0,0,0
CLAUSE_0413,SALES,"Trong trường hợp Bên B vi phạm thời hạn giao hàng quá 2 ngày, Bên B phải chịu phạt vi phạm bằng 40% tổng giá trị hợp đồng và bồi thường 100% giá trị lô hàng.","Trong trường_hợp Bên B vi_phạm thời_hạn giao hàng quá 2 ngày , Bên B phải chịu phạt vi_phạm bằng 40 % tổng giá_trị hợp_đồng và bồi_thường 100 % giá_trị lô hàng .",1.0,SYNTHETIC_GENERATOR,1,0,0,0,0,0,0,0
CLAUSE_0414,SALES,"Trong trường hợp Bên B vi phạm thời hạn giao hàng quá 2 ngày, Bên B phải chịu phạt vi phạm bằng 40% tổng giá trị hợp đồng và bồi thường 150% giá trị lô hàng.","Trong trường_hợp Bên B vi_phạm thời_hạn giao hàng quá 2 ngày , Bên B phải chịu phạt vi_phạm bằng 40 % tổng giá_trị hợp_đồng và bồi_thường 150 % giá_trị lô hàng .",1.0,SYNTHETIC_GENERATOR,1,0,0,0,0,0,0,0
CLAUSE_0415,SALES,"Trong trường hợp Bên B vi phạm thời hạn giao hàng quá 2 ngày, Bên B phải chịu phạt vi phạm bằng 50% tổng giá trị hợp đồng và bồi thường 50% giá trị lô hàng.","Trong trường_hợp Bên B vi_phạm thời_hạn giao hàng quá 2 ngày , Bên B phải chịu phạt vi_phạm bằng 50 % tổng giá_trị hợp_đồng và bồi_thường 50 % giá_trị lô hàng .",1.0,SYNTHETIC_GENERATOR,1,0,0,0,0,0,0,0
CLAUSE_0416,SALES,"Trong trường hợp Bên B vi phạm thời hạn giao hàng quá 2 ngày, Bên B phải chịu phạt vi phạm bằng 50% tổng giá trị hợp đồng và bồi thường 100% giá trị lô hàng.","Trong trường_hợp Bên B vi_phạm thời_hạn giao hàng quá 2 ngày , Bên B phải chịu phạt vi_phạm bằng 50 % tổng giá_trị hợp_đồng và bồi_thường 100 % giá_trị lô hàng .",1.0,SYNTHETIC_GENERATOR,1,0,0,0,0,0,0,0
CLAUSE_0417,SALES,"Trong trường hợp Bên B vi phạm thời hạn giao hàng quá 2 ngày, Bên B phải chịu phạt vi phạm bằng 50% tổng giá trị hợp đồng và bồi thường 150% giá trị lô hàng.","Trong trường_hợp Bên B vi_phạm thời_hạn giao hàng quá 2 ngày , Bên B phải chịu phạt vi_phạm bằng 50 % tổng giá_trị hợp_đồng và bồi_thường 150 % giá_trị lô hàng .",1.0,SYNTHETIC_GENERATOR,1,0,0,0,0,0,0,0
CLAUSE_0418,SALES,"Trong trường hợp Bên B vi phạm thời hạn giao hàng quá 3 ngày, Bên B phải chịu phạt vi phạm bằng 20% tổng giá trị hợp đồng và bồi thường 50% giá trị lô hàng.","Trong trường_hợp Bên B vi_phạm thời_hạn giao hàng quá 3 ngày , Bên B phải chịu phạt vi_phạm bằng 20 % tổng giá_trị hợp_đồng và bồi_thường 50 % giá_trị lô hàng .",1.0,SYNTHETIC_GENERATOR,1,0,0,0,0,0,0,0
CLAUSE_0419,SALES,"Trong trường hợp Bên B vi phạm thời hạn giao hàng quá 3 ngày, Bên B phải chịu phạt vi phạm bằng 20% tổng giá trị hợp đồng và bồi thường 100% giá trị lô hàng.","Trong trường_hợp Bên B vi_phạm thời_hạn giao hàng quá 3 ngày , Bên B phải chịu phạt vi_phạm bằng 20 % tổng giá_trị hợp_đồng và bồi_thường 100 % giá_trị lô hàng .",1.0,SYNTHETIC_GENERATOR,1,0,0,0,0,0,0,0
CLAUSE_0420,SALES,"Trong trường hợp Bên B vi phạm thời hạn giao hàng quá 3 ngày, Bên B phải chịu phạt vi phạm bằng 20% tổng giá trị hợp đồng và bồi thường 150% giá trị lô hàng.","Trong trường_hợp Bên B vi_phạm thời_hạn giao hàng quá 3 ngày , Bên B phải chịu phạt vi_phạm bằng 20 % tổng giá_trị hợp_đồng và bồi_thường 150 % giá_trị lô hàng .",1.0,SYNTHETIC_GENERATOR,1,0,0,0,0,0,0,0
CLAUSE_0421,SALES,"Trong trường hợp Bên B vi phạm thời hạn giao hàng quá 3 ngày, Bên B phải chịu phạt vi phạm bằng 25% tổng giá trị hợp đồng và bồi thường 50% giá trị lô hàng.","Trong trường_hợp Bên B vi_phạm thời_hạn giao hàng quá 3 ngày , Bên B phải chịu phạt vi_phạm bằng 25 % tổng giá_trị hợp_đồng và bồi_thường 50 % giá_trị lô hàng .",1.0,SYNTHETIC_GENERATOR,1,0,0,0,0,0,0,0
CLAUSE_0422,SALES,"Trong trường hợp Bên B vi phạm thời hạn giao hàng quá 3 ngày, Bên B phải chịu phạt vi phạm bằng 25% tổng giá trị hợp đồng và bồi thường 100% giá trị lô hàng.","Trong trường_hợp Bên B vi_phạm thời_hạn giao hàng quá 3 ngày , Bên B phải chịu phạt vi_phạm bằng 25 % tổng giá_trị hợp_đồng và bồi_thường 100 % giá_trị lô hàng .",1.0,SYNTHETIC_GENERATOR,1,0,0,0,0,0,0,0
CLAUSE_0423,SALES,"Trong trường hợp Bên B vi phạm thời hạn giao hàng quá 3 ngày, Bên B phải chịu phạt vi phạm bằng 25% tổng giá trị hợp đồng và bồi thường 150% giá trị lô hàng.","Trong trường_hợp Bên B vi_phạm thời_hạn giao hàng quá 3 ngày , Bên B phải chịu phạt vi_phạm bằng 25 % tổng giá_trị hợp_đồng và bồi_thường 150 % giá_trị lô hàng .",1.0,SYNTHETIC_GENERATOR,1,0,0,0,0,0,0,0
CLAUSE_0424,SALES,"Trong trường hợp Bên B vi phạm thời hạn giao hàng quá 3 ngày, Bên B phải chịu phạt vi phạm bằng 30% tổng giá trị hợp đồng và bồi thường 50% giá trị lô hàng.","Trong trường_hợp Bên B vi_phạm thời_hạn giao hàng quá 3 ngày , Bên B phải chịu phạt vi_phạm bằng 30 % tổng giá_trị hợp_đồng và bồi_thường 50 % giá_trị lô hàng .",1.0,SYNTHETIC_GENERATOR,1,0,0,0,0,0,0,0
CLAUSE_0425,SALES,"Trong trường hợp Bên B vi phạm thời hạn giao hàng quá 3 ngày, Bên B phải chịu phạt vi phạm bằng 30% tổng giá trị hợp đồng và bồi thường 100% giá trị lô hàng.","Trong trường_hợp Bên B vi_phạm thời_hạn giao hàng quá 3 ngày , Bên B phải chịu phạt vi_phạm bằng 30 % tổng giá_trị hợp_đồng và bồi_thường 100 % giá_trị lô hàng .",1.0,SYNTHETIC_GENERATOR,1,0,0,0,0,0,0,0
CLAUSE_0426,SALES,"Trong trường hợp Bên B vi phạm thời hạn giao hàng quá 3 ngày, Bên B phải chịu phạt vi phạm bằng 30% tổng giá trị hợp đồng và bồi thường 150% giá trị lô hàng.","Trong trường_hợp Bên B vi_phạm thời_hạn giao hàng quá 3 ngày , Bên B phải chịu phạt vi_phạm bằng 30 % tổng giá_trị hợp_đồng và bồi_thường 150 % giá_trị lô hàng .",1.0,SYNTHETIC_GENERATOR,1,0,0,0,0,0,0,0
CLAUSE_0427,SALES,"Trong trường hợp Bên B vi phạm thời hạn giao hàng quá 3 ngày, Bên B phải chịu phạt vi phạm bằng 40% tổng giá trị hợp đồng và bồi thường 50% giá trị lô hàng.","Trong trường_hợp Bên B vi_phạm thời_hạn giao hàng quá 3 ngày , Bên B phải chịu phạt vi_phạm bằng 40 % tổng giá_trị hợp_đồng và bồi_thường 50 % giá_trị lô hàng .",1.0,SYNTHETIC_GENERATOR,1,0,0,0,0,0,0,0
CLAUSE_0428,SALES,"Trong trường hợp Bên B vi phạm thời hạn giao hàng quá 3 ngày, Bên B phải chịu phạt vi phạm bằng 40% tổng giá trị hợp đồng và bồi thường 100% giá trị lô hàng.","Trong trường_hợp Bên B vi_phạm thời_hạn giao hàng quá 3 ngày , Bên B phải chịu phạt vi_phạm bằng 40 % tổng giá_trị hợp_đồng và bồi_thường 100 % giá_trị lô hàng .",1.0,SYNTHETIC_GENERATOR,1,0,0,0,0,0,0,0
CLAUSE_0429,SALES,"Trong trường hợp Bên B vi phạm thời hạn giao hàng quá 3 ngày, Bên B phải chịu phạt vi phạm bằng 40% tổng giá trị hợp đồng và bồi thường 150% giá trị lô hàng.","Trong trường_hợp Bên B vi_phạm thời_hạn giao hàng quá 3 ngày , Bên B phải chịu phạt vi_phạm bằng 40 % tổng giá_trị hợp_đồng và bồi_thường 150 % giá_trị lô hàng .",1.0,SYNTHETIC_GENERATOR,1,0,0,0,0,0,0,0
CLAUSE_0430,SALES,"Trong trường hợp Bên B vi phạm thời hạn giao hàng quá 3 ngày, Bên B phải chịu phạt vi phạm bằng 50% tổng giá trị hợp đồng và bồi thường 50% giá trị lô hàng.","Trong trường_hợp Bên B vi_phạm thời_hạn giao hàng quá 3 ngày , Bên B phải chịu phạt vi_phạm bằng 50 % tổng giá_trị hợp_đồng và bồi_thường 50 % giá_trị lô hàng .",1.0,SYNTHETIC_GENERATOR,1,0,0,0,0,0,0,0
CLAUSE_0431,SALES,"Trong trường hợp Bên B vi phạm thời hạn giao hàng quá 3 ngày, Bên B phải chịu phạt vi phạm bằng 50% tổng giá trị hợp đồng và bồi thường 100% giá trị lô hàng.","Trong trường_hợp Bên B vi_phạm thời_hạn giao hàng quá 3 ngày , Bên B phải chịu phạt vi_phạm bằng 50 % tổng giá_trị hợp_đồng và bồi_thường 100 % giá_trị lô hàng .",1.0,SYNTHETIC_GENERATOR,1,0,0,0,0,0,0,0
CLAUSE_0432,SALES,"Trong trường hợp Bên B vi phạm thời hạn giao hàng quá 3 ngày, Bên B phải chịu phạt vi phạm bằng 50% tổng giá trị hợp đồng và bồi thường 150% giá trị lô hàng.","Trong trường_hợp Bên B vi_phạm thời_hạn giao hàng quá 3 ngày , Bên B phải chịu phạt vi_phạm bằng 50 % tổng giá_trị hợp_đồng và bồi_thường 150 % giá_trị lô hàng .",1.0,SYNTHETIC_GENERATOR,1,0,0,0,0,0,0,0
CLAUSE_0433,SALES,"Trong trường hợp Bên B vi phạm thời hạn giao hàng quá 5 ngày, Bên B phải chịu phạt vi phạm bằng 20% tổng giá trị hợp đồng và bồi thường 50% giá trị lô hàng.","Trong trường_hợp Bên B vi_phạm thời_hạn giao hàng quá 5 ngày , Bên B phải chịu phạt vi_phạm bằng 20 % tổng giá_trị hợp_đồng và bồi_thường 50 % giá_trị lô hàng .",1.0,SYNTHETIC_GENERATOR,1,0,0,0,0,0,0,0
CLAUSE_0434,SALES,"Trong trường hợp Bên B vi phạm thời hạn giao hàng quá 5 ngày, Bên B phải chịu phạt vi phạm bằng 20% tổng giá trị hợp đồng và bồi thường 100% giá trị lô hàng.","Trong trường_hợp Bên B vi_phạm thời_hạn giao hàng quá 5 ngày , Bên B phải chịu phạt vi_phạm bằng 20 % tổng giá_trị hợp_đồng và bồi_thường 100 % giá_trị lô hàng .",1.0,SYNTHETIC_GENERATOR,1,0,0,0,0,0,0,0
CLAUSE_0435,SALES,"Trong trường hợp Bên B vi phạm thời hạn giao hàng quá 5 ngày, Bên B phải chịu phạt vi phạm bằng 20% tổng giá trị hợp đồng và bồi thường 150% giá trị lô hàng.","Trong trường_hợp Bên B vi_phạm thời_hạn giao hàng quá 5 ngày , Bên B phải chịu phạt vi_phạm bằng 20 % tổng giá_trị hợp_đồng và bồi_thường 150 % giá_trị lô hàng .",1.0,SYNTHETIC_GENERATOR,1,0,0,0,0,0,0,0
CLAUSE_0436,SALES,"Trong trường hợp Bên B vi phạm thời hạn giao hàng quá 5 ngày, Bên B phải chịu phạt vi phạm bằng 25% tổng giá trị hợp đồng và bồi thường 50% giá trị lô hàng.","Trong trường_hợp Bên B vi_phạm thời_hạn giao hàng quá 5 ngày , Bên B phải chịu phạt vi_phạm bằng 25 % tổng giá_trị hợp_đồng và bồi_thường 50 % giá_trị lô hàng .",1.0,SYNTHETIC_GENERATOR,1,0,0,0,0,0,0,0
CLAUSE_0437,SALES,"Trong trường hợp Bên B vi phạm thời hạn giao hàng quá 5 ngày, Bên B phải chịu phạt vi phạm bằng 25% tổng giá trị hợp đồng và bồi thường 100% giá trị lô hàng.","Trong trường_hợp Bên B vi_phạm thời_hạn giao hàng quá 5 ngày , Bên B phải chịu phạt vi_phạm bằng 25 % tổng giá_trị hợp_đồng và bồi_thường 100 % giá_trị lô hàng .",1.0,SYNTHETIC_GENERATOR,1,0,0,0,0,0,0,0
CLAUSE_0438,SALES,"Trong trường hợp Bên B vi phạm thời hạn giao hàng quá 5 ngày, Bên B phải chịu phạt vi phạm bằng 25% tổng giá trị hợp đồng và bồi thường 150% giá trị lô hàng.","Trong trường_hợp Bên B vi_phạm thời_hạn giao hàng quá 5 ngày , Bên B phải chịu phạt vi_phạm bằng 25 % tổng giá_trị hợp_đồng và bồi_thường 150 % giá_trị lô hàng .",1.0,SYNTHETIC_GENERATOR,1,0,0,0,0,0,0,0
CLAUSE_0439,SALES,"Trong trường hợp Bên B vi phạm thời hạn giao hàng quá 5 ngày, Bên B phải chịu phạt vi phạm bằng 30% tổng giá trị hợp đồng và bồi thường 50% giá trị lô hàng.","Trong trường_hợp Bên B vi_phạm thời_hạn giao hàng quá 5 ngày , Bên B phải chịu phạt vi_phạm bằng 30 % tổng giá_trị hợp_đồng và bồi_thường 50 % giá_trị lô hàng .",1.0,SYNTHETIC_GENERATOR,1,0,0,0,0,0,0,0
CLAUSE_0440,SALES,"Trong trường hợp Bên B vi phạm thời hạn giao hàng quá 5 ngày, Bên B phải chịu phạt vi phạm bằng 30% tổng giá trị hợp đồng và bồi thường 100% giá trị lô hàng.","Trong trường_hợp Bên B vi_phạm thời_hạn giao hàng quá 5 ngày , Bên B phải chịu phạt vi_phạm bằng 30 % tổng giá_trị hợp_đồng và bồi_thường 100 % giá_trị lô hàng .",1.0,SYNTHETIC_GENERATOR,1,0,0,0,0,0,0,0
CLAUSE_0441,SALES,"Trong trường hợp Bên B vi phạm thời hạn giao hàng quá 5 ngày, Bên B phải chịu phạt vi phạm bằng 30% tổng giá trị hợp đồng và bồi thường 150% giá trị lô hàng.","Trong trường_hợp Bên B vi_phạm thời_hạn giao hàng quá 5 ngày , Bên B phải chịu phạt vi_phạm bằng 30 % tổng giá_trị hợp_đồng và bồi_thường 150 % giá_trị lô hàng .",1.0,SYNTHETIC_GENERATOR,1,0,0,0,0,0,0,0
CLAUSE_0442,SALES,"Trong trường hợp Bên B vi phạm thời hạn giao hàng quá 5 ngày, Bên B phải chịu phạt vi phạm bằng 40% tổng giá trị hợp đồng và bồi thường 50% giá trị lô hàng.","Trong trường_hợp Bên B vi_phạm thời_hạn giao hàng quá 5 ngày , Bên B phải chịu phạt vi_phạm bằng 40 % tổng giá_trị hợp_đồng và bồi_thường 50 % giá_trị lô hàng .",1.0,SYNTHETIC_GENERATOR,1,0,0,0,0,0,0,0
CLAUSE_0443,SALES,"Trong trường hợp Bên B vi phạm thời hạn giao hàng quá 5 ngày, Bên B phải chịu phạt vi phạm bằng 40% tổng giá trị hợp đồng và bồi thường 100% giá trị lô hàng.","Trong trường_hợp Bên B vi_phạm thời_hạn giao hàng quá 5 ngày , Bên B phải chịu phạt vi_phạm bằng 40 % tổng giá_trị hợp_đồng và bồi_thường 100 % giá_trị lô hàng .",1.0,SYNTHETIC_GENERATOR,1,0,0,0,0,0,0,0
CLAUSE_0444,SALES,"Trong trường hợp Bên B vi phạm thời hạn giao hàng quá 5 ngày, Bên B phải chịu phạt vi phạm bằng 40% tổng giá trị hợp đồng và bồi thường 150% giá trị lô hàng.","Trong trường_hợp Bên B vi_phạm thời_hạn giao hàng quá 5 ngày , Bên B phải chịu phạt vi_phạm bằng 40 % tổng giá_trị hợp_đồng và bồi_thường 150 % giá_trị lô hàng .",1.0,SYNTHETIC_GENERATOR,1,0,0,0,0,0,0,0
CLAUSE_0445,SALES,"Trong trường hợp Bên B vi phạm thời hạn giao hàng quá 5 ngày, Bên B phải chịu phạt vi phạm bằng 50% tổng giá trị hợp đồng và bồi thường 50% giá trị lô hàng.","Trong trường_hợp Bên B vi_phạm thời_hạn giao hàng quá 5 ngày , Bên B phải chịu phạt vi_phạm bằng 50 % tổng giá_trị hợp_đồng và bồi_thường 50 % giá_trị lô hàng .",1.0,SYNTHETIC_GENERATOR,1,0,0,0,0,0,0,0
CLAUSE_0446,SALES,"Trong trường hợp Bên B vi phạm thời hạn giao hàng quá 5 ngày, Bên B phải chịu phạt vi phạm bằng 50% tổng giá trị hợp đồng và bồi thường 100% giá trị lô hàng.","Trong trường_hợp Bên B vi_phạm thời_hạn giao hàng quá 5 ngày , Bên B phải chịu phạt vi_phạm bằng 50 % tổng giá_trị hợp_đồng và bồi_thường 100 % giá_trị lô hàng .",1.0,SYNTHETIC_GENERATOR,1,0,0,0,0,0,0,0
CLAUSE_0447,SALES,"Trong trường hợp Bên B vi phạm thời hạn giao hàng quá 5 ngày, Bên B phải chịu phạt vi phạm bằng 50% tổng giá trị hợp đồng và bồi thường 150% giá trị lô hàng.","Trong trường_hợp Bên B vi_phạm thời_hạn giao hàng quá 5 ngày , Bên B phải chịu phạt vi_phạm bằng 50 % tổng giá_trị hợp_đồng và bồi_thường 150 % giá_trị lô hàng .",1.0,SYNTHETIC_GENERATOR,1,0,0,0,0,0,0,0
CLAUSE_0448,SALES,"Trong trường hợp Bên B vi phạm thời hạn giao hàng quá 7 ngày, Bên B phải chịu phạt vi phạm bằng 20% tổng giá trị hợp đồng và bồi thường 50% giá trị lô hàng.","Trong trường_hợp Bên B vi_phạm thời_hạn giao hàng quá 7 ngày , Bên B phải chịu phạt vi_phạm bằng 20 % tổng giá_trị hợp_đồng và bồi_thường 50 % giá_trị lô hàng .",1.0,SYNTHETIC_GENERATOR,1,0,0,0,0,0,0,0
CLAUSE_0449,SALES,"Trong trường hợp Bên B vi phạm thời hạn giao hàng quá 7 ngày, Bên B phải chịu phạt vi phạm bằng 20% tổng giá trị hợp đồng và bồi thường 100% giá trị lô hàng.","Trong trường_hợp Bên B vi_phạm thời_hạn giao hàng quá 7 ngày , Bên B phải chịu phạt vi_phạm bằng 20 % tổng giá_trị hợp_đồng và bồi_thường 100 % giá_trị lô hàng .",1.0,SYNTHETIC_GENERATOR,1,0,0,0,0,0,0,0
CLAUSE_0450,SALES,"Trong trường hợp Bên B vi phạm thời hạn giao hàng quá 7 ngày, Bên B phải chịu phạt vi phạm bằng 20% tổng giá trị hợp đồng và bồi thường 150% giá trị lô hàng.","Trong trường_hợp Bên B vi_phạm thời_hạn giao hàng quá 7 ngày , Bên B phải chịu phạt vi_phạm bằng 20 % tổng giá_trị hợp_đồng và bồi_thường 150 % giá_trị lô hàng .",1.0,SYNTHETIC_GENERATOR,1,0,0,0,0,0,0,0
CLAUSE_0451,SALES,"Trong trường hợp Bên B vi phạm thời hạn giao hàng quá 7 ngày, Bên B phải chịu phạt vi phạm bằng 25% tổng giá trị hợp đồng và bồi thường 50% giá trị lô hàng.","Trong trường_hợp Bên B vi_phạm thời_hạn giao hàng quá 7 ngày , Bên B phải chịu phạt vi_phạm bằng 25 % tổng giá_trị hợp_đồng và bồi_thường 50 % giá_trị lô hàng .",1.0,SYNTHETIC_GENERATOR,1,0,0,0,0,0,0,0
CLAUSE_0452,SALES,"Trong trường hợp Bên B vi phạm thời hạn giao hàng quá 7 ngày, Bên B phải chịu phạt vi phạm bằng 25% tổng giá trị hợp đồng và bồi thường 100% giá trị lô hàng.","Trong trường_hợp Bên B vi_phạm thời_hạn giao hàng quá 7 ngày , Bên B phải chịu phạt vi_phạm bằng 25 % tổng giá_trị hợp_đồng và bồi_thường 100 % giá_trị lô hàng .",1.0,SYNTHETIC_GENERATOR,1,0,0,0,0,0,0,0
CLAUSE_0453,SALES,"Trong trường hợp Bên B vi phạm thời hạn giao hàng quá 7 ngày, Bên B phải chịu phạt vi phạm bằng 25% tổng giá trị hợp đồng và bồi thường 150% giá trị lô hàng.","Trong trường_hợp Bên B vi_phạm thời_hạn giao hàng quá 7 ngày , Bên B phải chịu phạt vi_phạm bằng 25 % tổng giá_trị hợp_đồng và bồi_thường 150 % giá_trị lô hàng .",1.0,SYNTHETIC_GENERATOR,1,0,0,0,0,0,0,0
CLAUSE_0454,SALES,"Trong trường hợp Bên B vi phạm thời hạn giao hàng quá 7 ngày, Bên B phải chịu phạt vi phạm bằng 30% tổng giá trị hợp đồng và bồi thường 50% giá trị lô hàng.","Trong trường_hợp Bên B vi_phạm thời_hạn giao hàng quá 7 ngày , Bên B phải chịu phạt vi_phạm bằng 30 % tổng giá_trị hợp_đồng và bồi_thường 50 % giá_trị lô hàng .",1.0,SYNTHETIC_GENERATOR,1,0,0,0,0,0,0,0
CLAUSE_0455,SALES,"Trong trường hợp Bên B vi phạm thời hạn giao hàng quá 7 ngày, Bên B phải chịu phạt vi phạm bằng 30% tổng giá trị hợp đồng và bồi thường 100% giá trị lô hàng.","Trong trường_hợp Bên B vi_phạm thời_hạn giao hàng quá 7 ngày , Bên B phải chịu phạt vi_phạm bằng 30 % tổng giá_trị hợp_đồng và bồi_thường 100 % giá_trị lô hàng .",1.0,SYNTHETIC_GENERATOR,1,0,0,0,0,0,0,0
CLAUSE_0456,SALES,"Trong trường hợp Bên B vi phạm thời hạn giao hàng quá 7 ngày, Bên B phải chịu phạt vi phạm bằng 30% tổng giá trị hợp đồng và bồi thường 150% giá trị lô hàng.","Trong trường_hợp Bên B vi_phạm thời_hạn giao hàng quá 7 ngày , Bên B phải chịu phạt vi_phạm bằng 30 % tổng giá_trị hợp_đồng và bồi_thường 150 % giá_trị lô hàng .",1.0,SYNTHETIC_GENERATOR,1,0,0,0,0,0,0,0
CLAUSE_0457,SALES,"Trong trường hợp Bên B vi phạm thời hạn giao hàng quá 7 ngày, Bên B phải chịu phạt vi phạm bằng 40% tổng giá trị hợp đồng và bồi thường 50% giá trị lô hàng.","Trong trường_hợp Bên B vi_phạm thời_hạn giao hàng quá 7 ngày , Bên B phải chịu phạt vi_phạm bằng 40 % tổng giá_trị hợp_đồng và bồi_thường 50 % giá_trị lô hàng .",1.0,SYNTHETIC_GENERATOR,1,0,0,0,0,0,0,0
CLAUSE_0458,SALES,"Trong trường hợp Bên B vi phạm thời hạn giao hàng quá 7 ngày, Bên B phải chịu phạt vi phạm bằng 40% tổng giá trị hợp đồng và bồi thường 100% giá trị lô hàng.","Trong trường_hợp Bên B vi_phạm thời_hạn giao hàng quá 7 ngày , Bên B phải chịu phạt vi_phạm bằng 40 % tổng giá_trị hợp_đồng và bồi_thường 100 % giá_trị lô hàng .",1.0,SYNTHETIC_GENERATOR,1,0,0,0,0,0,0,0
CLAUSE_0459,SALES,"Trong trường hợp Bên B vi phạm thời hạn giao hàng quá 7 ngày, Bên B phải chịu phạt vi phạm bằng 40% tổng giá trị hợp đồng và bồi thường 150% giá trị lô hàng.","Trong trường_hợp Bên B vi_phạm thời_hạn giao hàng quá 7 ngày , Bên B phải chịu phạt vi_phạm bằng 40 % tổng giá_trị hợp_đồng và bồi_thường 150 % giá_trị lô hàng .",1.0,SYNTHETIC_GENERATOR,1,0,0,0,0,0,0,0
CLAUSE_0460,SALES,"Trong trường hợp Bên B vi phạm thời hạn giao hàng quá 7 ngày, Bên B phải chịu phạt vi phạm bằng 50% tổng giá trị hợp đồng và bồi thường 50% giá trị lô hàng.","Trong trường_hợp Bên B vi_phạm thời_hạn giao hàng quá 7 ngày , Bên B phải chịu phạt vi_phạm bằng 50 % tổng giá_trị hợp_đồng và bồi_thường 50 % giá_trị lô hàng .",1.0,SYNTHETIC_GENERATOR,1,0,0,0,0,0,0,0
CLAUSE_0461,SALES,"Trong trường hợp Bên B vi phạm thời hạn giao hàng quá 7 ngày, Bên B phải chịu phạt vi phạm bằng 50% tổng giá trị hợp đồng và bồi thường 100% giá trị lô hàng.","Trong trường_hợp Bên B vi_phạm thời_hạn giao hàng quá 7 ngày , Bên B phải chịu phạt vi_phạm bằng 50 % tổng giá_trị hợp_đồng và bồi_thường 100 % giá_trị lô hàng .",1.0,SYNTHETIC_GENERATOR,1,0,0,0,0,0,0,0
CLAUSE_0462,SALES,"Trong trường hợp Bên B vi phạm thời hạn giao hàng quá 7 ngày, Bên B phải chịu phạt vi phạm bằng 50% tổng giá trị hợp đồng và bồi thường 150% giá trị lô hàng.","Trong trường_hợp Bên B vi_phạm thời_hạn giao hàng quá 7 ngày , Bên B phải chịu phạt vi_phạm bằng 50 % tổng giá_trị hợp_đồng và bồi_thường 150 % giá_trị lô hàng .",1.0,SYNTHETIC_GENERATOR,1,0,0,0,0,0,0,0
CLAUSE_0463,LABOR,Người lao động đơn phương chấm dứt hợp đồng trước thời hạn phải hoàn trả 150% chi phí đào tạo và chịu phạt vi phạm bằng 2 tháng tiền lương thực nhận.,Người lao_động đơn_phương chấm_dứt hợp_đồng trước thời_hạn phải hoàn_trả 150 % chi_phí đào_tạo và chịu phạt vi_phạm bằng 2 tháng tiền_lương_thực nhận .,1.0,SYNTHETIC_GENERATOR,1,0,0,0,0,1,0,0
CLAUSE_0464,LABOR,Người lao động đơn phương chấm dứt hợp đồng trước thời hạn phải hoàn trả 150% chi phí đào tạo và chịu phạt vi phạm bằng 3 tháng tiền lương thực nhận.,Người lao_động đơn_phương chấm_dứt hợp_đồng trước thời_hạn phải hoàn_trả 150 % chi_phí đào_tạo và chịu phạt vi_phạm bằng 3 tháng tiền_lương_thực nhận .,1.0,SYNTHETIC_GENERATOR,1,0,0,0,0,1,0,0
CLAUSE_0465,LABOR,Người lao động đơn phương chấm dứt hợp đồng trước thời hạn phải hoàn trả 150% chi phí đào tạo và chịu phạt vi phạm bằng 4 tháng tiền lương thực nhận.,Người lao_động đơn_phương chấm_dứt hợp_đồng trước thời_hạn phải hoàn_trả 150 % chi_phí đào_tạo và chịu phạt vi_phạm bằng 4 tháng tiền_lương_thực nhận .,1.0,SYNTHETIC_GENERATOR,1,0,0,0,0,1,0,0
CLAUSE_0466,LABOR,Người lao động đơn phương chấm dứt hợp đồng trước thời hạn phải hoàn trả 150% chi phí đào tạo và chịu phạt vi phạm bằng 6 tháng tiền lương thực nhận.,Người lao_động đơn_phương chấm_dứt hợp_đồng trước thời_hạn phải hoàn_trả 150 % chi_phí đào_tạo và chịu phạt vi_phạm bằng 6 tháng tiền_lương_thực nhận .,1.0,SYNTHETIC_GENERATOR,1,0,0,0,0,1,0,0
CLAUSE_0467,LABOR,Người lao động đơn phương chấm dứt hợp đồng trước thời hạn phải hoàn trả 150% chi phí đào tạo và chịu phạt vi phạm bằng 12 tháng tiền lương thực nhận.,Người lao_động đơn_phương chấm_dứt hợp_đồng trước thời_hạn phải hoàn_trả 150 % chi_phí đào_tạo và chịu phạt vi_phạm bằng 12 tháng tiền_lương_thực nhận .,1.0,SYNTHETIC_GENERATOR,1,0,0,0,0,1,0,0
CLAUSE_0468,LABOR,Người lao động đơn phương chấm dứt hợp đồng trước thời hạn phải hoàn trả 200% chi phí đào tạo và chịu phạt vi phạm bằng 2 tháng tiền lương thực nhận.,Người lao_động đơn_phương chấm_dứt hợp_đồng trước thời_hạn phải hoàn_trả 200 % chi_phí đào_tạo và chịu phạt vi_phạm bằng 2 tháng tiền_lương_thực nhận .,1.0,SYNTHETIC_GENERATOR,1,0,0,0,0,1,0,0
CLAUSE_0469,LABOR,Người lao động đơn phương chấm dứt hợp đồng trước thời hạn phải hoàn trả 200% chi phí đào tạo và chịu phạt vi phạm bằng 3 tháng tiền lương thực nhận.,Người lao_động đơn_phương chấm_dứt hợp_đồng trước thời_hạn phải hoàn_trả 200 % chi_phí đào_tạo và chịu phạt vi_phạm bằng 3 tháng tiền_lương_thực nhận .,1.0,SYNTHETIC_GENERATOR,1,0,0,0,0,1,0,0
CLAUSE_0470,LABOR,Người lao động đơn phương chấm dứt hợp đồng trước thời hạn phải hoàn trả 200% chi phí đào tạo và chịu phạt vi phạm bằng 4 tháng tiền lương thực nhận.,Người lao_động đơn_phương chấm_dứt hợp_đồng trước thời_hạn phải hoàn_trả 200 % chi_phí đào_tạo và chịu phạt vi_phạm bằng 4 tháng tiền_lương_thực nhận .,1.0,SYNTHETIC_GENERATOR,1,0,0,0,0,1,0,0
CLAUSE_0471,LABOR,Người lao động đơn phương chấm dứt hợp đồng trước thời hạn phải hoàn trả 200% chi phí đào tạo và chịu phạt vi phạm bằng 6 tháng tiền lương thực nhận.,Người lao_động đơn_phương chấm_dứt hợp_đồng trước thời_hạn phải hoàn_trả 200 % chi_phí đào_tạo và chịu phạt vi_phạm bằng 6 tháng tiền_lương_thực nhận .,1.0,SYNTHETIC_GENERATOR,1,0,0,0,0,1,0,0
CLAUSE_0472,LABOR,Người lao động đơn phương chấm dứt hợp đồng trước thời hạn phải hoàn trả 200% chi phí đào tạo và chịu phạt vi phạm bằng 12 tháng tiền lương thực nhận.,Người lao_động đơn_phương chấm_dứt hợp_đồng trước thời_hạn phải hoàn_trả 200 % chi_phí đào_tạo và chịu phạt vi_phạm bằng 12 tháng tiền_lương_thực nhận .,1.0,SYNTHETIC_GENERATOR,1,0,0,0,0,1,0,0
CLAUSE_0473,LABOR,Người lao động đơn phương chấm dứt hợp đồng trước thời hạn phải hoàn trả 250% chi phí đào tạo và chịu phạt vi phạm bằng 2 tháng tiền lương thực nhận.,Người lao_động đơn_phương chấm_dứt hợp_đồng trước thời_hạn phải hoàn_trả 250 % chi_phí đào_tạo và chịu phạt vi_phạm bằng 2 tháng tiền_lương_thực nhận .,1.0,SYNTHETIC_GENERATOR,1,0,0,0,0,1,0,0
CLAUSE_0474,LABOR,Người lao động đơn phương chấm dứt hợp đồng trước thời hạn phải hoàn trả 250% chi phí đào tạo và chịu phạt vi phạm bằng 3 tháng tiền lương thực nhận.,Người lao_động đơn_phương chấm_dứt hợp_đồng trước thời_hạn phải hoàn_trả 250 % chi_phí đào_tạo và chịu phạt vi_phạm bằng 3 tháng tiền_lương_thực nhận .,1.0,SYNTHETIC_GENERATOR,1,0,0,0,0,1,0,0
CLAUSE_0475,LABOR,Người lao động đơn phương chấm dứt hợp đồng trước thời hạn phải hoàn trả 250% chi phí đào tạo và chịu phạt vi phạm bằng 4 tháng tiền lương thực nhận.,Người lao_động đơn_phương chấm_dứt hợp_đồng trước thời_hạn phải hoàn_trả 250 % chi_phí đào_tạo và chịu phạt vi_phạm bằng 4 tháng tiền_lương_thực nhận .,1.0,SYNTHETIC_GENERATOR,1,0,0,0,0,1,0,0
CLAUSE_0476,LABOR,Người lao động đơn phương chấm dứt hợp đồng trước thời hạn phải hoàn trả 250% chi phí đào tạo và chịu phạt vi phạm bằng 6 tháng tiền lương thực nhận.,Người lao_động đơn_phương chấm_dứt hợp_đồng trước thời_hạn phải hoàn_trả 250 % chi_phí đào_tạo và chịu phạt vi_phạm bằng 6 tháng tiền_lương_thực nhận .,1.0,SYNTHETIC_GENERATOR,1,0,0,0,0,1,0,0
CLAUSE_0477,LABOR,Người lao động đơn phương chấm dứt hợp đồng trước thời hạn phải hoàn trả 250% chi phí đào tạo và chịu phạt vi phạm bằng 12 tháng tiền lương thực nhận.,Người lao_động đơn_phương chấm_dứt hợp_đồng trước thời_hạn phải hoàn_trả 250 % chi_phí đào_tạo và chịu phạt vi_phạm bằng 12 tháng tiền_lương_thực nhận .,1.0,SYNTHETIC_GENERATOR,1,0,0,0,0,1,0,0
CLAUSE_0478,LABOR,Người lao động đơn phương chấm dứt hợp đồng trước thời hạn phải hoàn trả 300% chi phí đào tạo và chịu phạt vi phạm bằng 2 tháng tiền lương thực nhận.,Người lao_động đơn_phương chấm_dứt hợp_đồng trước thời_hạn phải hoàn_trả 300 % chi_phí đào_tạo và chịu phạt vi_phạm bằng 2 tháng tiền_lương_thực nhận .,1.0,SYNTHETIC_GENERATOR,1,0,0,0,0,1,0,0
CLAUSE_0479,LABOR,Người lao động đơn phương chấm dứt hợp đồng trước thời hạn phải hoàn trả 300% chi phí đào tạo và chịu phạt vi phạm bằng 3 tháng tiền lương thực nhận.,Người lao_động đơn_phương chấm_dứt hợp_đồng trước thời_hạn phải hoàn_trả 300 % chi_phí đào_tạo và chịu phạt vi_phạm bằng 3 tháng tiền_lương_thực nhận .,1.0,SYNTHETIC_GENERATOR,1,0,0,0,0,1,0,0
CLAUSE_0480,LABOR,Người lao động đơn phương chấm dứt hợp đồng trước thời hạn phải hoàn trả 300% chi phí đào tạo và chịu phạt vi phạm bằng 4 tháng tiền lương thực nhận.,Người lao_động đơn_phương chấm_dứt hợp_đồng trước thời_hạn phải hoàn_trả 300 % chi_phí đào_tạo và chịu phạt vi_phạm bằng 4 tháng tiền_lương_thực nhận .,1.0,SYNTHETIC_GENERATOR,1,0,0,0,0,1,0,0
CLAUSE_0481,LABOR,Người lao động đơn phương chấm dứt hợp đồng trước thời hạn phải hoàn trả 300% chi phí đào tạo và chịu phạt vi phạm bằng 6 tháng tiền lương thực nhận.,Người lao_động đơn_phương chấm_dứt hợp_đồng trước thời_hạn phải hoàn_trả 300 % chi_phí đào_tạo và chịu phạt vi_phạm bằng 6 tháng tiền_lương_thực nhận .,1.0,SYNTHETIC_GENERATOR,1,0,0,0,0,1,0,0
CLAUSE_0482,LABOR,Người lao động đơn phương chấm dứt hợp đồng trước thời hạn phải hoàn trả 300% chi phí đào tạo và chịu phạt vi phạm bằng 12 tháng tiền lương thực nhận.,Người lao_động đơn_phương chấm_dứt hợp_đồng trước thời_hạn phải hoàn_trả 300 % chi_phí đào_tạo và chịu phạt vi_phạm bằng 12 tháng tiền_lương_thực nhận .,1.0,SYNTHETIC_GENERATOR,1,0,0,0,0,1,0,0
CLAUSE_0483,LABOR,Người lao động đơn phương chấm dứt hợp đồng trước thời hạn phải hoàn trả 500% chi phí đào tạo và chịu phạt vi phạm bằng 2 tháng tiền lương thực nhận.,Người lao_động đơn_phương chấm_dứt hợp_đồng trước thời_hạn phải hoàn_trả 500 % chi_phí đào_tạo và chịu phạt vi_phạm bằng 2 tháng tiền_lương_thực nhận .,1.0,SYNTHETIC_GENERATOR,1,0,0,0,0,1,0,0
CLAUSE_0484,LABOR,Người lao động đơn phương chấm dứt hợp đồng trước thời hạn phải hoàn trả 500% chi phí đào tạo và chịu phạt vi phạm bằng 3 tháng tiền lương thực nhận.,Người lao_động đơn_phương chấm_dứt hợp_đồng trước thời_hạn phải hoàn_trả 500 % chi_phí đào_tạo và chịu phạt vi_phạm bằng 3 tháng tiền_lương_thực nhận .,1.0,SYNTHETIC_GENERATOR,1,0,0,0,0,1,0,0
CLAUSE_0485,LABOR,Người lao động đơn phương chấm dứt hợp đồng trước thời hạn phải hoàn trả 500% chi phí đào tạo và chịu phạt vi phạm bằng 4 tháng tiền lương thực nhận.,Người lao_động đơn_phương chấm_dứt hợp_đồng trước thời_hạn phải hoàn_trả 500 % chi_phí đào_tạo và chịu phạt vi_phạm bằng 4 tháng tiền_lương_thực nhận .,1.0,SYNTHETIC_GENERATOR,1,0,0,0,0,1,0,0
CLAUSE_0486,LABOR,Người lao động đơn phương chấm dứt hợp đồng trước thời hạn phải hoàn trả 500% chi phí đào tạo và chịu phạt vi phạm bằng 6 tháng tiền lương thực nhận.,Người lao_động đơn_phương chấm_dứt hợp_đồng trước thời_hạn phải hoàn_trả 500 % chi_phí đào_tạo và chịu phạt vi_phạm bằng 6 tháng tiền_lương_thực nhận .,1.0,SYNTHETIC_GENERATOR,1,0,0,0,0,1,0,0
CLAUSE_0487,LABOR,Người lao động đơn phương chấm dứt hợp đồng trước thời hạn phải hoàn trả 500% chi phí đào tạo và chịu phạt vi phạm bằng 12 tháng tiền lương thực nhận.,Người lao_động đơn_phương chấm_dứt hợp_đồng trước thời_hạn phải hoàn_trả 500 % chi_phí đào_tạo và chịu phạt vi_phạm bằng 12 tháng tiền_lương_thực nhận .,1.0,SYNTHETIC_GENERATOR,1,0,0,0,0,1,0,0
CLAUSE_0488,LEASE,Bên Thuê chậm thanh toán tiền nhà quá 1 ngày sẽ bị tịch thu 100% tiền đặt cọc và chịu phạt thêm 1 tháng tiền thuê nhà mà Bên Cho Thuê không cần chứng minh thiệt hại.,Bên Thuê chậm thanh_toán tiền nhà quá 1 ngày sẽ bị tịch_thu 100 % tiền đặt_cọc và chịu phạt thêm 1 tháng tiền thuê nhà mà Bên Cho Thuê không cần chứng_minh thiệt_hại .,1.0,SYNTHETIC_GENERATOR,1,0,0,0,0,0,0,0
CLAUSE_0489,LEASE,Bên Thuê chậm thanh toán tiền nhà quá 1 ngày sẽ bị tịch thu 100% tiền đặt cọc và chịu phạt thêm 2 tháng tiền thuê nhà mà Bên Cho Thuê không cần chứng minh thiệt hại.,Bên Thuê chậm thanh_toán tiền nhà quá 1 ngày sẽ bị tịch_thu 100 % tiền đặt_cọc và chịu phạt thêm 2 tháng tiền thuê nhà mà Bên Cho Thuê không cần chứng_minh thiệt_hại .,1.0,SYNTHETIC_GENERATOR,1,0,0,0,0,0,0,0
CLAUSE_0490,LEASE,Bên Thuê chậm thanh toán tiền nhà quá 1 ngày sẽ bị tịch thu 100% tiền đặt cọc và chịu phạt thêm 3 tháng tiền thuê nhà mà Bên Cho Thuê không cần chứng minh thiệt hại.,Bên Thuê chậm thanh_toán tiền nhà quá 1 ngày sẽ bị tịch_thu 100 % tiền đặt_cọc và chịu phạt thêm 3 tháng tiền thuê nhà mà Bên Cho Thuê không cần chứng_minh thiệt_hại .,1.0,SYNTHETIC_GENERATOR,1,0,0,0,0,0,0,0
CLAUSE_0491,LEASE,Bên Thuê chậm thanh toán tiền nhà quá 1 ngày sẽ bị tịch thu 100% tiền đặt cọc và chịu phạt thêm 6 tháng tiền thuê nhà mà Bên Cho Thuê không cần chứng minh thiệt hại.,Bên Thuê chậm thanh_toán tiền nhà quá 1 ngày sẽ bị tịch_thu 100 % tiền đặt_cọc và chịu phạt thêm 6 tháng tiền thuê nhà mà Bên Cho Thuê không cần chứng_minh thiệt_hại .,1.0,SYNTHETIC_GENERATOR,1,0,0,0,0,0,0,0
CLAUSE_0492,LEASE,Bên Thuê chậm thanh toán tiền nhà quá 3 ngày sẽ bị tịch thu 100% tiền đặt cọc và chịu phạt thêm 1 tháng tiền thuê nhà mà Bên Cho Thuê không cần chứng minh thiệt hại.,Bên Thuê chậm thanh_toán tiền nhà quá 3 ngày sẽ bị tịch_thu 100 % tiền đặt_cọc và chịu phạt thêm 1 tháng tiền thuê nhà mà Bên Cho Thuê không cần chứng_minh thiệt_hại .,1.0,SYNTHETIC_GENERATOR,1,0,0,0,0,0,0,0
CLAUSE_0493,LEASE,Bên Thuê chậm thanh toán tiền nhà quá 3 ngày sẽ bị tịch thu 100% tiền đặt cọc và chịu phạt thêm 2 tháng tiền thuê nhà mà Bên Cho Thuê không cần chứng minh thiệt hại.,Bên Thuê chậm thanh_toán tiền nhà quá 3 ngày sẽ bị tịch_thu 100 % tiền đặt_cọc và chịu phạt thêm 2 tháng tiền thuê nhà mà Bên Cho Thuê không cần chứng_minh thiệt_hại .,1.0,SYNTHETIC_GENERATOR,1,0,0,0,0,0,0,0
CLAUSE_0494,LEASE,Bên Thuê chậm thanh toán tiền nhà quá 3 ngày sẽ bị tịch thu 100% tiền đặt cọc và chịu phạt thêm 3 tháng tiền thuê nhà mà Bên Cho Thuê không cần chứng minh thiệt hại.,Bên Thuê chậm thanh_toán tiền nhà quá 3 ngày sẽ bị tịch_thu 100 % tiền đặt_cọc và chịu phạt thêm 3 tháng tiền thuê nhà mà Bên Cho Thuê không cần chứng_minh thiệt_hại .,1.0,SYNTHETIC_GENERATOR,1,0,0,0,0,0,0,0
CLAUSE_0495,LEASE,Bên Thuê chậm thanh toán tiền nhà quá 3 ngày sẽ bị tịch thu 100% tiền đặt cọc và chịu phạt thêm 6 tháng tiền thuê nhà mà Bên Cho Thuê không cần chứng minh thiệt hại.,Bên Thuê chậm thanh_toán tiền nhà quá 3 ngày sẽ bị tịch_thu 100 % tiền đặt_cọc và chịu phạt thêm 6 tháng tiền thuê nhà mà Bên Cho Thuê không cần chứng_minh thiệt_hại .,1.0,SYNTHETIC_GENERATOR,1,0,0,0,0,0,0,0
CLAUSE_0496,LEASE,Bên Thuê chậm thanh toán tiền nhà quá 5 ngày sẽ bị tịch thu 100% tiền đặt cọc và chịu phạt thêm 1 tháng tiền thuê nhà mà Bên Cho Thuê không cần chứng minh thiệt hại.,Bên Thuê chậm thanh_toán tiền nhà quá 5 ngày sẽ bị tịch_thu 100 % tiền đặt_cọc và chịu phạt thêm 1 tháng tiền thuê nhà mà Bên Cho Thuê không cần chứng_minh thiệt_hại .,1.0,SYNTHETIC_GENERATOR,1,0,0,0,0,0,0,0
CLAUSE_0497,LEASE,Bên Thuê chậm thanh toán tiền nhà quá 5 ngày sẽ bị tịch thu 100% tiền đặt cọc và chịu phạt thêm 2 tháng tiền thuê nhà mà Bên Cho Thuê không cần chứng minh thiệt hại.,Bên Thuê chậm thanh_toán tiền nhà quá 5 ngày sẽ bị tịch_thu 100 % tiền đặt_cọc và chịu phạt thêm 2 tháng tiền thuê nhà mà Bên Cho Thuê không cần chứng_minh thiệt_hại .,1.0,SYNTHETIC_GENERATOR,1,0,0,0,0,0,0,0
CLAUSE_0498,LEASE,Bên Thuê chậm thanh toán tiền nhà quá 5 ngày sẽ bị tịch thu 100% tiền đặt cọc và chịu phạt thêm 3 tháng tiền thuê nhà mà Bên Cho Thuê không cần chứng minh thiệt hại.,Bên Thuê chậm thanh_toán tiền nhà quá 5 ngày sẽ bị tịch_thu 100 % tiền đặt_cọc và chịu phạt thêm 3 tháng tiền thuê nhà mà Bên Cho Thuê không cần chứng_minh thiệt_hại .,1.0,SYNTHETIC_GENERATOR,1,0,0,0,0,0,0,0
CLAUSE_0499,LEASE,Bên Thuê chậm thanh toán tiền nhà quá 5 ngày sẽ bị tịch thu 100% tiền đặt cọc và chịu phạt thêm 6 tháng tiền thuê nhà mà Bên Cho Thuê không cần chứng minh thiệt hại.,Bên Thuê chậm thanh_toán tiền nhà quá 5 ngày sẽ bị tịch_thu 100 % tiền đặt_cọc và chịu phạt thêm 6 tháng tiền thuê nhà mà Bên Cho Thuê không cần chứng_minh thiệt_hại .,1.0,SYNTHETIC_GENERATOR,1,0,0,0,0,0,0,0
CLAUSE_0500,LEASE,Bên Thuê chậm thanh toán tiền nhà quá 7 ngày sẽ bị tịch thu 100% tiền đặt cọc và chịu phạt thêm 1 tháng tiền thuê nhà mà Bên Cho Thuê không cần chứng minh thiệt hại.,Bên Thuê chậm thanh_toán tiền nhà quá 7 ngày sẽ bị tịch_thu 100 % tiền đặt_cọc và chịu phạt thêm 1 tháng tiền thuê nhà mà Bên Cho Thuê không cần chứng_minh thiệt_hại .,1.0,SYNTHETIC_GENERATOR,1,0,0,0,0,0,0,0
